Series,V,A,Time,Concentration
RS_R01_INC-1,50,0.000298,0,8.95
RS_R01_INC-1,50,0.000298,2,8.66
RS_R01_INC-1,50,0.000298,4,8.39
RS_R01_INC-1,50,0.000298,6,8.48
RS_R01_INC-1,50,0.000298,8,8.39
RS_R01_INC-1,50,0.000298,10,8.57
RS_R01_INC-1,50,0.000298,12,8.25
RS_R01_INC-1,50,0.000298,14,8.46
RS_R01_INC-1,50,0.000298,16,8.16
RS_R01_INC-1,50,0.000298,18,8.32
RS_R01_INC-1,50,0.000298,20,8.21
RS_R01_INC-1,50,0.000298,22,8.28
RS_R01_INC-1,50,0.000298,24,8.15
RS_R01_INC-1,50,0.000298,26,8.26
RS_R01_INC-1,50,0.000298,28,8.11
RS_R01_INC-1,50,0.000298,30,8.3
RS_R01_INC-1,50,0.000298,32,8.06
RS_R01_INC-1,50,0.000298,34,8.27
RS_R01_INC-1,50,0.000298,36,8.06
RS_R01_INC-1,50,0.000298,38,8.26
RS_R01_INC-1,50,0.000298,40,8.03
RS_R01_INC-1,50,0.000298,42,8.27
RS_R01_INC-1,50,0.000298,44,7.98
RS_R01_INC-1,50,0.000298,46,8.1
RS_R01_INC-1,50,0.000298,48,8
RS_R01_INC-1,50,0.000298,50,8.11
RS_R01_INC-1,50,0.000298,52,8.02
RS_R01_INC-1,50,0.000298,54,8.16
RS_R01_INC-1,50,0.000298,56,8.02
RS_R01_INC-1,50,0.000298,58,8.08
RS_R01_INC-1,50,0.000298,60,7.98
RS_R01_INC-1,50,0.000298,62,8.06
RS_R01_INC-1,50,0.000298,64,8.03
RS_R01_INC-1,50,0.000298,66,7.95
RS_R01_INC-1,50,0.000298,68,7.96
RS_R01_INC-1,50,0.000298,70,8.1
RS_R01_INC-1,50,0.000298,72,7.83
RS_R01_INC-1,50,0.000298,74,8.11
RS_R01_INC-1,50,0.000298,76,7.86
RS_R01_INC-1,50,0.000298,78,8
RS_R01_INC-1,50,0.000298,80,7.89
RS_R01_INC-1,50,0.000298,82,8
RS_R01_INC-1,50,0.000298,84,7.97
RS_R01_INC-1,50,0.000298,86,7.96
RS_R01_INC-1,50,0.000298,88,7.96
RS_R01_INC-1,50,0.000298,90,7.86
RS_R01_INC-1,50,0.000298,92,7.97
RS_R01_INC-1,50,0.000298,94,7.82
RS_R01_INC-1,50,0.000298,96,7.97
RS_R01_INC-1,50,0.000298,98,7.92
RS_R01_INC-1,50,0.000298,100,7.92
RS_R01_INC-1,50,0.000298,102,7.91
RS_R01_INC-1,50,0.000298,104,8.07
RS_R01_INC-1,50,0.000298,106,7.8
RS_R01_INC-1,50,0.000298,108,8.09
RS_R01_INC-1,50,0.000298,110,7.87
RS_R02_INC-1,50,0.000298,0,8.95
RS_R02_INC-1,50,0.000298,2,9.98
RS_R02_INC-1,50,0.000298,4,8.85
RS_R02_INC-1,50,0.000298,6,8.33
RS_R02_INC-1,50,0.000298,8,8.06
RS_R02_INC-1,50,0.000298,10,7.68
RS_R02_INC-1,50,0.000298,12,7.51
RS_R02_INC-1,50,0.000298,14,7.92
RS_R02_INC-1,50,0.000298,16,7.54
RS_R02_INC-1,50,0.000298,18,7.55
RS_R02_INC-1,50,0.000298,20,7.77
RS_R02_INC-1,50,0.000298,22,7.62
RS_R02_INC-1,50,0.000298,24,7.54
RS_R02_INC-1,50,0.000298,26,7.94
RS_R02_INC-1,50,0.000298,28,7.63
RS_R02_INC-1,50,0.000298,30,7.56
RS_R02_INC-1,50,0.000298,32,7.61
RS_R02_INC-1,50,0.000298,34,7.73
RS_R02_INC-1,50,0.000298,36,7.56
RS_R02_INC-1,50,0.000298,38,7.58
RS_R02_INC-1,50,0.000298,40,7.76
RS_R02_INC-1,50,0.000298,42,7.66
RS_R02_INC-1,50,0.000298,44,7.5
RS_R02_INC-1,50,0.000298,46,7.73
RS_R02_INC-1,50,0.000298,48,7.8
RS_R02_INC-1,50,0.000298,50,7.52
RS_R02_INC-1,50,0.000298,52,7.71
RS_R02_INC-1,50,0.000298,54,7.6
RS_R02_INC-1,50,0.000298,56,7.48
RS_R02_INC-1,50,0.000298,58,7.54
RS_R02_INC-1,50,0.000298,60,7.84
RS_R02_INC-1,50,0.000298,62,7.52
RS_R02_INC-1,50,0.000298,64,7.44
RS_R02_INC-1,50,0.000298,66,7.7
RS_R02_INC-1,50,0.000298,68,7.55
RS_R02_INC-1,50,0.000298,70,7.77
RS_R02_INC-1,50,0.000298,72,7.6
RS_R02_INC-1,50,0.000298,74,7.47
RS_R02_INC-1,50,0.000298,76,7.71
RS_R02_INC-1,50,0.000298,78,7.57
RS_R02_INC-1,50,0.000298,80,7.55
RS_R02_INC-1,50,0.000298,82,7.83
RS_R02_INC-1,50,0.000298,84,7.47
RS_R02_INC-1,50,0.000298,86,7.78
RS_R02_INC-1,50,0.000298,88,7.52
RS_R02_INC-1,50,0.000298,90,7.4
RS_R02_INC-1,50,0.000298,92,7.67
RS_R02_INC-1,50,0.000298,94,7.75
RS_R02_INC-1,50,0.000298,96,7.5
RS_R02_INC-1,50,0.000298,98,7.6
RS_R02_INC-1,50,0.000298,100,7.63
RS_R02_INC-1,50,0.000298,102,7.54
RS_R02_INC-1,50,0.000298,104,7.7
RS_R02_INC-1,50,0.000298,106,7.58
RS_R02_INC-1,50,0.000298,108,7.38
RS_R02_INC-1,50,0.000298,110,7.54
RS_R03_INC-1,50,0.000298,0,8.95
RS_R03_INC-1,50,0.000298,2,6.97
RS_R03_INC-1,50,0.000298,4,6.87
RS_R03_INC-1,50,0.000298,6,6.75
RS_R03_INC-1,50,0.000298,8,6.9
RS_R03_INC-1,50,0.000298,10,6.87
RS_R03_INC-1,50,0.000298,12,6.73
RS_R03_INC-1,50,0.000298,14,6.88
RS_R03_INC-1,50,0.000298,16,6.83
RS_R03_INC-1,50,0.000298,18,6.94
RS_R03_INC-1,50,0.000298,20,6.8
RS_R03_INC-1,50,0.000298,22,6.71
RS_R03_INC-1,50,0.000298,24,6.58
RS_R03_INC-1,50,0.000298,26,6.83
RS_R03_INC-1,50,0.000298,28,6.78
RS_R03_INC-1,50,0.000298,30,6.69
RS_R03_INC-1,50,0.000298,32,6.66
RS_R03_INC-1,50,0.000298,34,6.72
RS_R03_INC-1,50,0.000298,36,6.82
RS_R03_INC-1,50,0.000298,38,6.76
RS_R03_INC-1,50,0.000298,40,6.71
RS_R03_INC-1,50,0.000298,42,6.67
RS_R03_INC-1,50,0.000298,44,6.8
RS_R03_INC-1,50,0.000298,46,6.82
RS_R03_INC-1,50,0.000298,48,6.69
RS_R03_INC-1,50,0.000298,50,6.6
RS_R03_INC-1,50,0.000298,52,6.75
RS_R03_INC-1,50,0.000298,54,6.74
RS_R03_INC-1,50,0.000298,56,6.77
RS_R03_INC-1,50,0.000298,58,6.8
RS_R03_INC-1,50,0.000298,60,6.76
RS_R03_INC-1,50,0.000298,62,6.73
RS_R03_INC-1,50,0.000298,64,6.64
RS_R03_INC-1,50,0.000298,66,6.59
RS_R03_INC-1,50,0.000298,68,6.65
RS_R03_INC-1,50,0.000298,70,6.6
RS_R03_INC-1,50,0.000298,72,6.65
RS_R03_INC-1,50,0.000298,74,6.71
RS_R03_INC-1,50,0.000298,76,6.82
RS_R03_INC-1,50,0.000298,78,6.86
RS_R03_INC-1,50,0.000298,80,6.77
RS_R03_INC-1,50,0.000298,82,6.67
RS_R03_INC-1,50,0.000298,84,6.56
RS_R03_INC-1,50,0.000298,86,6.67
RS_R03_INC-1,50,0.000298,88,6.71
RS_R03_INC-1,50,0.000298,90,6.65
RS_R03_INC-1,50,0.000298,92,6.75
RS_R03_INC-1,50,0.000298,94,6.82
RS_R03_INC-1,50,0.000298,96,6.76
RS_R03_INC-1,50,0.000298,98,6.77
RS_R03_INC-1,50,0.000298,100,6.67
RS_R03_INC-1,50,0.000298,102,6.58
RS_R03_INC-1,50,0.000298,104,6.58
RS_R03_INC-1,50,0.000298,106,6.69
RS_R03_INC-1,50,0.000298,108,6.81
RS_R03_INC-1,50,0.000298,110,6.81
RS_R04_INC-1,50,0.000298,0,8.95
RS_R04_INC-1,50,0.000298,2,8.48
RS_R04_INC-1,50,0.000298,4,8.34
RS_R04_INC-1,50,0.000298,6,8.53
RS_R04_INC-1,50,0.000298,8,8.23
RS_R04_INC-1,50,0.000298,10,8.35
RS_R04_INC-1,50,0.000298,12,8.15
RS_R04_INC-1,50,0.000298,14,8.29
RS_R04_INC-1,50,0.000298,16,8.12
RS_R04_INC-1,50,0.000298,18,8.26
RS_R04_INC-1,50,0.000298,20,8.14
RS_R04_INC-1,50,0.000298,22,8.11
RS_R04_INC-1,50,0.000298,24,8.17
RS_R04_INC-1,50,0.000298,26,7.98
RS_R04_INC-1,50,0.000298,28,8.16
RS_R04_INC-1,50,0.000298,30,8
RS_R04_INC-1,50,0.000298,32,8.11
RS_R04_INC-1,50,0.000298,34,7.96
RS_R04_INC-1,50,0.000298,36,8.06
RS_R04_INC-1,50,0.000298,38,7.89
RS_R04_INC-1,50,0.000298,40,7.98
RS_R04_INC-1,50,0.000298,42,7.94
RS_R04_INC-1,50,0.000298,44,8.01
RS_R04_INC-1,50,0.000298,46,7.93
RS_R04_INC-1,50,0.000298,48,7.96
RS_R04_INC-1,50,0.000298,50,8.03
RS_R04_INC-1,50,0.000298,52,7.86
RS_R04_INC-1,50,0.000298,54,8.02
RS_R04_INC-1,50,0.000298,56,7.84
RS_R04_INC-1,50,0.000298,58,8.02
RS_R04_INC-1,50,0.000298,60,7.86
RS_R04_INC-1,50,0.000298,62,7.92
RS_R04_INC-1,50,0.000298,64,7.86
RS_R04_INC-1,50,0.000298,66,7.9
RS_R04_INC-1,50,0.000298,68,7.95
RS_R04_INC-1,50,0.000298,70,7.77
RS_R04_INC-1,50,0.000298,72,7.9
RS_R04_INC-1,50,0.000298,74,7.82
RS_R04_INC-1,50,0.000298,76,7.81
RS_R04_INC-1,50,0.000298,78,7.92
RS_R04_INC-1,50,0.000298,80,7.78
RS_R04_INC-1,50,0.000298,82,7.86
RS_R04_INC-1,50,0.000298,84,7.87
RS_R04_INC-1,50,0.000298,86,7.75
RS_R04_INC-1,50,0.000298,88,7.86
RS_R04_INC-1,50,0.000298,90,7.75
RS_R04_INC-1,50,0.000298,92,7.93
RS_R04_INC-1,50,0.000298,94,7.81
RS_R04_INC-1,50,0.000298,96,7.79
RS_R04_INC-1,50,0.000298,98,7.87
RS_R04_INC-1,50,0.000298,100,7.71
RS_R04_INC-1,50,0.000298,102,7.86
RS_R04_INC-1,50,0.000298,104,7.8
RS_R04_INC-1,50,0.000298,106,7.73
RS_R04_INC-1,50,0.000298,108,7.9
RS_R04_INC-1,50,0.000298,110,7.8
RS_R05_INC-1,50,0.000298,0,8.95
RS_R05_INC-1,50,0.000298,2,8.66
RS_R05_INC-1,50,0.000298,4,8
RS_R05_INC-1,50,0.000298,6,8.11
RS_R05_INC-1,50,0.000298,8,7.91
RS_R05_INC-1,50,0.000298,10,8.08
RS_R05_INC-1,50,0.000298,12,8.16
RS_R05_INC-1,50,0.000298,14,8.08
RS_R05_INC-1,50,0.000298,16,8.02
RS_R05_INC-1,50,0.000298,18,7.73
RS_R05_INC-1,50,0.000298,20,8.07
RS_R05_INC-1,50,0.000298,22,8.02
RS_R05_INC-1,50,0.000298,24,8.07
RS_R05_INC-1,50,0.000298,26,8.12
RS_R05_INC-1,50,0.000298,28,8
RS_R05_INC-1,50,0.000298,30,8.16
RS_R05_INC-1,50,0.000298,32,7.94
RS_R05_INC-1,50,0.000298,34,8
RS_R05_INC-1,50,0.000298,36,7.79
RS_R05_INC-1,50,0.000298,38,7.92
RS_R05_INC-1,50,0.000298,40,7.89
RS_R05_INC-1,50,0.000298,42,7.91
RS_R05_INC-1,50,0.000298,44,7.75
RS_R05_INC-1,50,0.000298,46,7.98
RS_R05_INC-1,50,0.000298,48,7.94
RS_R05_INC-1,50,0.000298,50,8.05
RS_R05_INC-1,50,0.000298,52,7.98
RS_R05_INC-1,50,0.000298,54,7.72
RS_R05_INC-1,50,0.000298,56,7.91
RS_R05_INC-1,50,0.000298,58,7.71
RS_R05_INC-1,50,0.000298,60,7.92
RS_R05_INC-1,50,0.000298,62,7.9
RS_R05_INC-1,50,0.000298,64,7.84
RS_R05_INC-1,50,0.000298,66,7.88
RS_R05_INC-1,50,0.000298,68,7.85
RS_R05_INC-1,50,0.000298,70,7.91
RS_R05_INC-1,50,0.000298,72,8.06
RS_R05_INC-1,50,0.000298,74,7.76
RS_R05_INC-1,50,0.000298,76,7.87
RS_R05_INC-1,50,0.000298,78,7.91
RS_R05_INC-1,50,0.000298,80,8
RS_R05_INC-1,50,0.000298,82,7.84
RS_R05_INC-1,50,0.000298,84,7.87
RS_R05_INC-1,50,0.000298,86,8.01
RS_R05_INC-1,50,0.000298,88,7.92
RS_R05_INC-1,50,0.000298,90,7.83
RS_R05_INC-1,50,0.000298,92,7.92
RS_R05_INC-1,50,0.000298,94,7.8
RS_R05_INC-1,50,0.000298,96,8.05
RS_R05_INC-1,50,0.000298,98,8
RS_R05_INC-1,50,0.000298,100,7.78
RS_R05_INC-1,50,0.000298,102,8.02
RS_R05_INC-1,50,0.000298,104,8.02
RS_R05_INC-1,50,0.000298,106,7.91
RS_R05_INC-1,50,0.000298,108,8.01
RS_R05_INC-1,50,0.000298,110,7.92
RS_R06_INC-1,50,0.000298,0,8.95
RS_R06_INC-1,50,0.000298,2,8.4
RS_R06_INC-1,50,0.000298,4,7.78
RS_R06_INC-1,50,0.000298,6,7.83
RS_R06_INC-1,50,0.000298,8,8.12
RS_R06_INC-1,50,0.000298,10,7.88
RS_R06_INC-1,50,0.000298,12,7.91
RS_R06_INC-1,50,0.000298,14,7.67
RS_R06_INC-1,50,0.000298,16,8.03
RS_R06_INC-1,50,0.000298,18,7.9
RS_R06_INC-1,50,0.000298,20,7.72
RS_R06_INC-1,50,0.000298,22,7.62
RS_R06_INC-1,50,0.000298,24,7.66
RS_R06_INC-1,50,0.000298,26,7.64
RS_R06_INC-1,50,0.000298,28,7.62
RS_R06_INC-1,50,0.000298,30,7.67
RS_R06_INC-1,50,0.000298,32,7.68
RS_R06_INC-1,50,0.000298,34,7.6
RS_R06_INC-1,50,0.000298,36,7.52
RS_R06_INC-1,50,0.000298,38,7.68
RS_R06_INC-1,50,0.000298,40,7.52
RS_R06_INC-1,50,0.000298,42,7.64
RS_R06_INC-1,50,0.000298,44,7.52
RS_R06_INC-1,50,0.000298,46,7.52
RS_R06_INC-1,50,0.000298,48,7.53
RS_R06_INC-1,50,0.000298,50,7.47
RS_R06_INC-1,50,0.000298,52,7.53
RS_R06_INC-1,50,0.000298,54,7.46
RS_R06_INC-1,50,0.000298,56,7.47
RS_R06_INC-1,50,0.000298,58,7.51
RS_R06_INC-1,50,0.000298,60,7.47
RS_R06_INC-1,50,0.000298,62,7.47
RS_R06_INC-1,50,0.000298,64,7.38
RS_R06_INC-1,50,0.000298,66,7.43
RS_R06_INC-1,50,0.000298,68,7.38
RS_R06_INC-1,50,0.000298,70,7.54
RS_R06_INC-1,50,0.000298,72,7.36
RS_R06_INC-1,50,0.000298,74,7.46
RS_R06_INC-1,50,0.000298,76,7.46
RS_R06_INC-1,50,0.000298,78,7.42
RS_R06_INC-1,50,0.000298,80,7.39
RS_R06_INC-1,50,0.000298,82,7.51
RS_R06_INC-1,50,0.000298,84,7.37
RS_R06_INC-1,50,0.000298,86,7.33
RS_R06_INC-1,50,0.000298,88,7.27
RS_R06_INC-1,50,0.000298,90,7.39
RS_R06_INC-1,50,0.000298,92,7.34
RS_R06_INC-1,50,0.000298,94,7.3
RS_R06_INC-1,50,0.000298,96,7.42
RS_R06_INC-1,50,0.000298,98,7.33
RS_R06_INC-1,50,0.000298,100,7.29
RS_R06_INC-1,50,0.000298,102,7.36
RS_R06_INC-1,50,0.000298,104,7.4
RS_R06_INC-1,50,0.000298,106,7.32
RS_R06_INC-1,50,0.000298,108,7.26
RS_R06_INC-1,50,0.000298,110,7.37
RS_R07_INC-1,50,0.000298,0,8.95
RS_R07_INC-1,50,0.000298,2,8.07
RS_R07_INC-1,50,0.000298,4,8.95
RS_R07_INC-1,50,0.000298,6,7.77
RS_R07_INC-1,50,0.000298,8,7.77
RS_R07_INC-1,50,0.000298,10,7.99
RS_R07_INC-1,50,0.000298,12,7.95
RS_R07_INC-1,50,0.000298,14,8.47
RS_R07_INC-1,50,0.000298,16,8.3
RS_R07_INC-1,50,0.000298,18,8.05
RS_R07_INC-1,50,0.000298,20,8.56
RS_R07_INC-1,50,0.000298,22,8.22
RS_R07_INC-1,50,0.000298,24,7.86
RS_R07_INC-1,50,0.000298,26,8.42
RS_R07_INC-1,50,0.000298,28,8.11
RS_R07_INC-1,50,0.000298,30,7.86
RS_R07_INC-1,50,0.000298,32,8.45
RS_R07_INC-1,50,0.000298,34,7.98
RS_R07_INC-1,50,0.000298,36,7.9
RS_R07_INC-1,50,0.000298,38,8.23
RS_R07_INC-1,50,0.000298,40,8.17
RS_R07_INC-1,50,0.000298,42,7.83
RS_R07_INC-1,50,0.000298,44,8.29
RS_R07_INC-1,50,0.000298,46,8.03
RS_R07_INC-1,50,0.000298,48,8.01
RS_R07_INC-1,50,0.000298,50,8.1
RS_R07_INC-1,50,0.000298,52,7.79
RS_R07_INC-1,50,0.000298,54,8.05
RS_R07_INC-1,50,0.000298,56,7.68
RS_R07_INC-1,50,0.000298,58,7.92
RS_R07_INC-1,50,0.000298,60,7.58
RS_R07_INC-1,50,0.000298,62,7.98
RS_R07_INC-1,50,0.000298,64,7.83
RS_R07_INC-1,50,0.000298,66,8.21
RS_R07_INC-1,50,0.000298,68,7.85
RS_R07_INC-1,50,0.000298,70,7.72
RS_R07_INC-1,50,0.000298,72,7.54
RS_R07_INC-1,50,0.000298,74,8.04
RS_R07_INC-1,50,0.000298,76,8.11
RS_R07_INC-1,50,0.000298,78,7.49
RS_R07_INC-1,50,0.000298,80,7.9
RS_R07_INC-1,50,0.000298,82,7.92
RS_R07_INC-1,50,0.000298,84,7.87
RS_R07_INC-1,50,0.000298,86,7.49
RS_R07_INC-1,50,0.000298,88,8.13
RS_R07_INC-1,50,0.000298,90,7.58
RS_R07_INC-1,50,0.000298,92,7.88
RS_R07_INC-1,50,0.000298,94,7.43
RS_R07_INC-1,50,0.000298,96,7.71
RS_R07_INC-1,50,0.000298,98,7.85
RS_R07_INC-1,50,0.000298,100,7.29
RS_R07_INC-1,50,0.000298,102,7.9
RS_R07_INC-1,50,0.000298,104,7.95
RS_R07_INC-1,50,0.000298,106,7.68
RS_R07_INC-1,50,0.000298,108,7.44
RS_R07_INC-1,50,0.000298,110,7.99
RS_S01_INC-1,50,0.000298,0,9.09
RS_S01_INC-1,50,0.000298,2,7.86
RS_S01_INC-1,50,0.000298,4,7.8
RS_S01_INC-1,50,0.000298,6,7.88
RS_S01_INC-1,50,0.000298,8,7.73
RS_S01_INC-1,50,0.000298,10,7.69
RS_S01_INC-1,50,0.000298,12,7.69
RS_S01_INC-1,50,0.000298,14,7.72
RS_S01_INC-1,50,0.000298,16,7.78
RS_S01_INC-1,50,0.000298,18,7.77
RS_S01_INC-1,50,0.000298,20,7.83
RS_S01_INC-1,50,0.000298,22,7.72
RS_S01_INC-1,50,0.000298,24,7.76
RS_S01_INC-1,50,0.000298,26,7.86
RS_S01_INC-1,50,0.000298,28,7.84
RS_S01_INC-1,50,0.000298,30,7.75
RS_S01_INC-1,50,0.000298,32,7.81
RS_S01_INC-1,50,0.000298,34,7.83
RS_S01_INC-1,50,0.000298,36,7.79
RS_S01_INC-1,50,0.000298,38,7.73
RS_S01_INC-1,50,0.000298,40,7.92
RS_S01_INC-1,50,0.000298,42,7.81
RS_S01_INC-1,50,0.000298,44,7.82
RS_S01_INC-1,50,0.000298,46,7.8
RS_S01_INC-1,50,0.000298,48,7.88
RS_S01_INC-1,50,0.000298,50,7.9
RS_S01_INC-1,50,0.000298,52,7.84
RS_S01_INC-1,50,0.000298,54,7.8
RS_S01_INC-1,50,0.000298,56,7.92
RS_S01_INC-1,50,0.000298,58,7.96
RS_S01_INC-1,50,0.000298,60,7.88
RS_S01_INC-1,50,0.000298,62,7.79
RS_S01_INC-1,50,0.000298,64,7.86
RS_S01_INC-1,50,0.000298,66,7.89
RS_S01_INC-1,50,0.000298,68,7.8
RS_S01_INC-1,50,0.000298,70,7.79
RS_S01_INC-1,50,0.000298,72,7.92
RS_S01_INC-1,50,0.000298,74,7.89
RS_S01_INC-1,50,0.000298,76,7.81
RS_S01_INC-1,50,0.000298,78,7.74
RS_S01_INC-1,50,0.000298,80,7.91
RS_S01_INC-1,50,0.000298,82,7.83
RS_S01_INC-1,50,0.000298,84,7.84
RS_S01_INC-1,50,0.000298,86,7.77
RS_S01_INC-1,50,0.000298,88,7.9
RS_S01_INC-1,50,0.000298,90,7.9
RS_S01_INC-1,50,0.000298,92,7.87
RS_S01_INC-1,50,0.000298,94,7.8
RS_S01_INC-1,50,0.000298,96,7.87
RS_S01_INC-1,50,0.000298,98,7.95
RS_S01_INC-1,50,0.000298,100,7.85
RS_S01_INC-1,50,0.000298,102,7.83
RS_S01_INC-1,50,0.000298,104,7.83
RS_S01_INC-1,50,0.000298,106,7.9
RS_S01_INC-1,50,0.000298,108,7.86
RS_S01_INC-1,50,0.000298,110,7.82
RS_S02_INC-1,50,0.000298,0,9.09
RS_S02_INC-1,50,0.000298,2,7.76
RS_S02_INC-1,50,0.000298,4,7.63
RS_S02_INC-1,50,0.000298,6,7.57
RS_S02_INC-1,50,0.000298,8,7.46
RS_S02_INC-1,50,0.000298,10,7.46
RS_S02_INC-1,50,0.000298,12,7.45
RS_S02_INC-1,50,0.000298,14,7.47
RS_S02_INC-1,50,0.000298,16,7.47
RS_S02_INC-1,50,0.000298,18,7.47
RS_S02_INC-1,50,0.000298,20,7.46
RS_S02_INC-1,50,0.000298,22,7.4
RS_S02_INC-1,50,0.000298,24,7.48
RS_S02_INC-1,50,0.000298,26,7.55
RS_S02_INC-1,50,0.000298,28,7.45
RS_S02_INC-1,50,0.000298,30,7.52
RS_S02_INC-1,50,0.000298,32,7.52
RS_S02_INC-1,50,0.000298,34,7.38
RS_S02_INC-1,50,0.000298,36,7.41
RS_S02_INC-1,50,0.000298,38,7.5
RS_S02_INC-1,50,0.000298,40,7.33
RS_S02_INC-1,50,0.000298,42,7.42
RS_S02_INC-1,50,0.000298,44,7.42
RS_S02_INC-1,50,0.000298,46,7.38
RS_S02_INC-1,50,0.000298,48,7.41
RS_S02_INC-1,50,0.000298,50,7.4
RS_S02_INC-1,50,0.000298,52,7.35
RS_S02_INC-1,50,0.000298,54,7.49
RS_S02_INC-1,50,0.000298,56,7.35
RS_S02_INC-1,50,0.000298,58,7.34
RS_S02_INC-1,50,0.000298,60,7.52
RS_S02_INC-1,50,0.000298,62,7.35
RS_S02_INC-1,50,0.000298,64,7.42
RS_S02_INC-1,50,0.000298,66,7.45
RS_S02_INC-1,50,0.000298,68,7.35
RS_S02_INC-1,50,0.000298,70,7.4
RS_S02_INC-1,50,0.000298,72,7.38
RS_S02_INC-1,50,0.000298,74,7.35
RS_S02_INC-1,50,0.000298,76,7.4
RS_S02_INC-1,50,0.000298,78,7.35
RS_S02_INC-1,50,0.000298,80,7.34
RS_S02_INC-1,50,0.000298,82,7.45
RS_S02_INC-1,50,0.000298,84,7.38
RS_S02_INC-1,50,0.000298,86,7.4
RS_S02_INC-1,50,0.000298,88,7.45
RS_S02_INC-1,50,0.000298,90,7.36
RS_S02_INC-1,50,0.000298,92,7.38
RS_S02_INC-1,50,0.000298,94,7.39
RS_S02_INC-1,50,0.000298,96,7.37
RS_S02_INC-1,50,0.000298,98,7.35
RS_S02_INC-1,50,0.000298,100,7.31
RS_S02_INC-1,50,0.000298,102,7.38
RS_S02_INC-1,50,0.000298,104,7.4
RS_S02_INC-1,50,0.000298,106,7.29
RS_S02_INC-1,50,0.000298,108,7.37
RS_S02_INC-1,50,0.000298,110,7.5
RS_S03_INC-1,50,0.000298,0,9.09
RS_S03_INC-1,50,0.000298,2,8.83
RS_S03_INC-1,50,0.000298,4,8.8
RS_S03_INC-1,50,0.000298,6,8.73
RS_S03_INC-1,50,0.000298,8,8.89
RS_S03_INC-1,50,0.000298,10,8.89
RS_S03_INC-1,50,0.000298,12,8.86
RS_S03_INC-1,50,0.000298,14,8.86
RS_S03_INC-1,50,0.000298,16,8.95
RS_S03_INC-1,50,0.000298,18,8.92
RS_S03_INC-1,50,0.000298,20,8.89
RS_S03_INC-1,50,0.000298,22,8.87
RS_S03_INC-1,50,0.000298,24,8.92
RS_S03_INC-1,50,0.000298,26,8.84
RS_S03_INC-1,50,0.000298,28,8.92
RS_S03_INC-1,50,0.000298,30,8.94
RS_S03_INC-1,50,0.000298,32,8.91
RS_S03_INC-1,50,0.000298,34,8.85
RS_S03_INC-1,50,0.000298,36,8.8
RS_S03_INC-1,50,0.000298,38,8.9
RS_S03_INC-1,50,0.000298,40,8.87
RS_S03_INC-1,50,0.000298,42,8.88
RS_S03_INC-1,50,0.000298,44,8.95
RS_S03_INC-1,50,0.000298,46,8.85
RS_S03_INC-1,50,0.000298,48,8.86
RS_S03_INC-1,50,0.000298,50,8.87
RS_S03_INC-1,50,0.000298,52,8.94
RS_S03_INC-1,50,0.000298,54,8.84
RS_S03_INC-1,50,0.000298,56,8.81
RS_S03_INC-1,50,0.000298,58,8.92
RS_S03_INC-1,50,0.000298,60,8.84
RS_S03_INC-1,50,0.000298,62,8.85
RS_S03_INC-1,50,0.000298,64,8.89
RS_S03_INC-1,50,0.000298,66,8.91
RS_S03_INC-1,50,0.000298,68,8.77
RS_S03_INC-1,50,0.000298,70,8.98
RS_S03_INC-1,50,0.000298,72,8.91
RS_S03_INC-1,50,0.000298,74,8.88
RS_S03_INC-1,50,0.000298,76,8.91
RS_S03_INC-1,50,0.000298,78,8.96
RS_S03_INC-1,50,0.000298,80,8.87
RS_S03_INC-1,50,0.000298,82,8.82
RS_S03_INC-1,50,0.000298,84,8.9
RS_S03_INC-1,50,0.000298,86,8.86
RS_S03_INC-1,50,0.000298,88,8.83
RS_S03_INC-1,50,0.000298,90,8.94
RS_S03_INC-1,50,0.000298,92,8.89
RS_S03_INC-1,50,0.000298,94,8.8
RS_S03_INC-1,50,0.000298,96,8.87
RS_S03_INC-1,50,0.000298,98,8.87
RS_S03_INC-1,50,0.000298,100,8.85
RS_S03_INC-1,50,0.000298,102,8.88
RS_S03_INC-1,50,0.000298,104,8.9
RS_S03_INC-1,50,0.000298,106,8.84
RS_S03_INC-1,50,0.000298,108,8.84
RS_S03_INC-1,50,0.000298,110,8.86
RS_S04_INC-1,50,0.000298,0,9.09
RS_S04_INC-1,50,0.000298,2,7.54
RS_S04_INC-1,50,0.000298,4,7.81
RS_S04_INC-1,50,0.000298,6,7.54
RS_S04_INC-1,50,0.000298,8,7.93
RS_S04_INC-1,50,0.000298,10,7.5
RS_S04_INC-1,50,0.000298,12,7.46
RS_S04_INC-1,50,0.000298,14,7.57
RS_S04_INC-1,50,0.000298,16,7.48
RS_S04_INC-1,50,0.000298,18,7.42
RS_S04_INC-1,50,0.000298,20,7.38
RS_S04_INC-1,50,0.000298,22,7.33
RS_S04_INC-1,50,0.000298,24,7.38
RS_S04_INC-1,50,0.000298,26,7.34
RS_S04_INC-1,50,0.000298,28,7.27
RS_S04_INC-1,50,0.000298,30,7.45
RS_S04_INC-1,50,0.000298,32,7.4
RS_S04_INC-1,50,0.000298,34,7.42
RS_S04_INC-1,50,0.000298,36,7.39
RS_S04_INC-1,50,0.000298,38,7.18
RS_S04_INC-1,50,0.000298,40,7.38
RS_S04_INC-1,50,0.000298,42,7.34
RS_S04_INC-1,50,0.000298,44,7.28
RS_S04_INC-1,50,0.000298,46,7.41
RS_S04_INC-1,50,0.000298,48,7.38
RS_S04_INC-1,50,0.000298,50,7.42
RS_S04_INC-1,50,0.000298,52,7.44
RS_S04_INC-1,50,0.000298,54,7.27
RS_S04_INC-1,50,0.000298,56,7.36
RS_S04_INC-1,50,0.000298,58,7.41
RS_S04_INC-1,50,0.000298,60,7.55
RS_S04_INC-1,50,0.000298,62,7.42
RS_S04_INC-1,50,0.000298,64,7.26
RS_S04_INC-1,50,0.000298,66,7.49
RS_S04_INC-1,50,0.000298,68,7.46
RS_S04_INC-1,50,0.000298,70,7.34
RS_S04_INC-1,50,0.000298,72,7.42
RS_S04_INC-1,50,0.000298,74,7.22
RS_S04_INC-1,50,0.000298,76,7.41
RS_S04_INC-1,50,0.000298,78,7.37
RS_S04_INC-1,50,0.000298,80,7.48
RS_S04_INC-1,50,0.000298,82,7.32
RS_S04_INC-1,50,0.000298,84,7.31
RS_S04_INC-1,50,0.000298,86,7.49
RS_S04_INC-1,50,0.000298,88,7.33
RS_S04_INC-1,50,0.000298,90,7.5
RS_S04_INC-1,50,0.000298,92,7.36
RS_S04_INC-1,50,0.000298,94,7.32
RS_S04_INC-1,50,0.000298,96,7.35
RS_S04_INC-1,50,0.000298,98,7.35
RS_S04_INC-1,50,0.000298,100,7.35
RS_S04_INC-1,50,0.000298,102,7.36
RS_S04_INC-1,50,0.000298,104,7.21
RS_S04_INC-1,50,0.000298,106,7.34
RS_S04_INC-1,50,0.000298,108,7.39
RS_S05_INC-1,50,0.000298,0,9.09
RS_S05_INC-1,50,0.000298,2,7.87
RS_S05_INC-1,50,0.000298,4,7.67
RS_S05_INC-1,50,0.000298,6,7.76
RS_S05_INC-1,50,0.000298,8,7.69
RS_S05_INC-1,50,0.000298,10,7.74
RS_S05_INC-1,50,0.000298,12,7.75
RS_S05_INC-1,50,0.000298,14,7.7
RS_S05_INC-1,50,0.000298,16,7.79
RS_S05_INC-1,50,0.000298,18,7.66
RS_S05_INC-1,50,0.000298,20,7.66
RS_S05_INC-1,50,0.000298,22,7.75
RS_S05_INC-1,50,0.000298,24,7.69
RS_S05_INC-1,50,0.000298,26,7.8
RS_S05_INC-1,50,0.000298,28,7.63
RS_S05_INC-1,50,0.000298,30,7.72
RS_S05_INC-1,50,0.000298,32,7.59
RS_S05_INC-1,50,0.000298,34,7.77
RS_S05_INC-1,50,0.000298,36,7.65
RS_S05_INC-1,50,0.000298,38,7.56
RS_S05_INC-1,50,0.000298,40,7.53
RS_S05_INC-1,50,0.000298,42,7.74
RS_S05_INC-1,50,0.000298,44,7.69
RS_S05_INC-1,50,0.000298,46,7.66
RS_S05_INC-1,50,0.000298,48,7.63
RS_S05_INC-1,50,0.000298,50,7.69
RS_S05_INC-1,50,0.000298,52,7.57
RS_S05_INC-1,50,0.000298,54,7.65
RS_S05_INC-1,50,0.000298,56,7.68
RS_S05_INC-1,50,0.000298,58,7.71
RS_S05_INC-1,50,0.000298,60,7.57
RS_S05_INC-1,50,0.000298,62,7.68
RS_S05_INC-1,50,0.000298,64,7.6
RS_S05_INC-1,50,0.000298,66,7.7
RS_S05_INC-1,50,0.000298,68,7.52
RS_S05_INC-1,50,0.000298,70,7.7
RS_S05_INC-1,50,0.000298,72,7.59
RS_S05_INC-1,50,0.000298,74,7.7
RS_S05_INC-1,50,0.000298,76,7.61
RS_S05_INC-1,50,0.000298,78,7.67
RS_S05_INC-1,50,0.000298,80,7.53
RS_S05_INC-1,50,0.000298,82,7.69
RS_S05_INC-1,50,0.000298,84,7.63
RS_S05_INC-1,50,0.000298,86,7.55
RS_S05_INC-1,50,0.000298,88,7.6
RS_S05_INC-1,50,0.000298,90,7.63
RS_S05_INC-1,50,0.000298,92,7.56
RS_S05_INC-1,50,0.000298,94,7.65
RS_S05_INC-1,50,0.000298,96,7.71
RS_S05_INC-1,50,0.000298,98,7.64
RS_S05_INC-1,50,0.000298,100,7.59
RS_S05_INC-1,50,0.000298,102,7.55
RS_S05_INC-1,50,0.000298,104,7.71
RS_S05_INC-1,50,0.000298,106,7.54
RS_S05_INC-1,50,0.000298,108,7.59
RS_S05_INC-1,50,0.000298,110,7.61
RS_S06_INC-1,50,0.000298,0,9.09
RS_S06_INC-1,50,0.000298,2,7.47
RS_S06_INC-1,50,0.000298,4,7.28
RS_S06_INC-1,50,0.000298,6,7.17
RS_S06_INC-1,50,0.000298,8,7.38
RS_S06_INC-1,50,0.000298,10,7.32
RS_S06_INC-1,50,0.000298,12,7.33
RS_S06_INC-1,50,0.000298,14,7.3
RS_S06_INC-1,50,0.000298,16,7.36
RS_S06_INC-1,50,0.000298,18,7.39
RS_S06_INC-1,50,0.000298,20,7.52
RS_S06_INC-1,50,0.000298,22,7.39
RS_S06_INC-1,50,0.000298,24,7.34
RS_S06_INC-1,50,0.000298,26,7.39
RS_S06_INC-1,50,0.000298,28,7.51
RS_S06_INC-1,50,0.000298,30,7.4
RS_S06_INC-1,50,0.000298,32,7.37
RS_S06_INC-1,50,0.000298,34,7.37
RS_S06_INC-1,50,0.000298,36,7.56
RS_S06_INC-1,50,0.000298,38,7.48
RS_S06_INC-1,50,0.000298,40,7.41
RS_S06_INC-1,50,0.000298,42,7.43
RS_S06_INC-1,50,0.000298,44,7.65
RS_S06_INC-1,50,0.000298,46,7.45
RS_S06_INC-1,50,0.000298,48,7.4
RS_S06_INC-1,50,0.000298,50,7.56
RS_S06_INC-1,50,0.000298,52,7.47
RS_S06_INC-1,50,0.000298,54,7.43
RS_S06_INC-1,50,0.000298,56,7.49
RS_S06_INC-1,50,0.000298,58,7.59
RS_S06_INC-1,50,0.000298,60,7.5
RS_S06_INC-1,50,0.000298,62,7.43
RS_S06_INC-1,50,0.000298,64,7.6
RS_S06_INC-1,50,0.000298,66,7.62
RS_S06_INC-1,50,0.000298,68,7.46
RS_S06_INC-1,50,0.000298,70,7.47
RS_S06_INC-1,50,0.000298,72,7.65
RS_S06_INC-1,50,0.000298,74,7.55
RS_S06_INC-1,50,0.000298,76,7.45
RS_S06_INC-1,50,0.000298,78,7.49
RS_S06_INC-1,50,0.000298,80,7.52
RS_S06_INC-1,50,0.000298,82,7.53
RS_S06_INC-1,50,0.000298,84,7.5
RS_S06_INC-1,50,0.000298,86,7.48
RS_S06_INC-1,50,0.000298,88,7.57
RS_S06_INC-1,50,0.000298,90,7.46
RS_S06_INC-1,50,0.000298,92,7.47
RS_S06_INC-1,50,0.000298,94,7.3
RS_S06_INC-1,50,0.000298,96,7.61
RS_S06_INC-1,50,0.000298,98,7.55
RS_S06_INC-1,50,0.000298,100,7.5
RS_S06_INC-1,50,0.000298,102,7.48
RS_S06_INC-1,50,0.000298,104,7.61
RS_S06_INC-1,50,0.000298,106,7.56
RS_S06_INC-1,50,0.000298,108,7.46
RS_S07_INC-1,50,0.000298,0,9.09
RS_S07_INC-1,50,0.000298,2,8.99
RS_S07_INC-1,50,0.000298,4,8.63
RS_S07_INC-1,50,0.000298,6,8.83
RS_S07_INC-1,50,0.000298,8,8.67
RS_S07_INC-1,50,0.000298,10,8.83
RS_S07_INC-1,50,0.000298,12,8.71
RS_S07_INC-1,50,0.000298,14,8.79
RS_S07_INC-1,50,0.000298,16,8.72
RS_S07_INC-1,50,0.000298,18,8.93
RS_S07_INC-1,50,0.000298,20,8.72
RS_S07_INC-1,50,0.000298,22,8.93
RS_S07_INC-1,50,0.000298,24,8.71
RS_S07_INC-1,50,0.000298,26,8.78
RS_S07_INC-1,50,0.000298,28,8.7
RS_S07_INC-1,50,0.000298,30,8.76
RS_S07_INC-1,50,0.000298,32,8.84
RS_S07_INC-1,50,0.000298,34,8.73
RS_S07_INC-1,50,0.000298,36,8.96
RS_S07_INC-1,50,0.000298,38,8.66
RS_S07_INC-1,50,0.000298,40,8.85
RS_S07_INC-1,50,0.000298,42,8.67
RS_S07_INC-1,50,0.000298,44,8.84
RS_S07_INC-1,50,0.000298,46,8.78
RS_S07_INC-1,50,0.000298,48,8.76
RS_S07_INC-1,50,0.000298,50,8.76
RS_S07_INC-1,50,0.000298,52,8.87
RS_S07_INC-1,50,0.000298,54,8.72
RS_S07_INC-1,50,0.000298,56,8.85
RS_S07_INC-1,50,0.000298,58,8.95
RS_S07_INC-1,50,0.000298,60,8.75
RS_S07_INC-1,50,0.000298,62,8.9
RS_S07_INC-1,50,0.000298,64,8.71
RS_S07_INC-1,50,0.000298,66,8.7
RS_S07_INC-1,50,0.000298,68,8.74
RS_S07_INC-1,50,0.000298,70,8.89
RS_S07_INC-1,50,0.000298,72,8.78
RS_S07_INC-1,50,0.000298,74,8.72
RS_S07_INC-1,50,0.000298,76,8.92
RS_S07_INC-1,50,0.000298,78,8.75
RS_S07_INC-1,50,0.000298,80,8.96
RS_S07_INC-1,50,0.000298,82,8.71
RS_S07_INC-1,50,0.000298,84,8.82
RS_S07_INC-1,50,0.000298,86,8.81
RS_S07_INC-1,50,0.000298,88,8.7
RS_S07_INC-1,50,0.000298,90,8.98
RS_S07_INC-1,50,0.000298,92,8.67
RS_S07_INC-1,50,0.000298,94,8.9
RS_S07_INC-1,50,0.000298,96,8.73
RS_S07_INC-1,50,0.000298,98,8.73
RS_S07_INC-1,50,0.000298,100,8.93
RS_S07_INC-1,50,0.000298,102,8.77
RS_S07_INC-1,50,0.000298,104,8.94
RS_S07_INC-1,50,0.000298,106,8.8
RS_S07_INC-1,50,0.000298,108,8.93
RS_S08_INC-1,50,0.000298,0,9.09
RS_S08_INC-1,50,0.000298,2,8.72
RS_S08_INC-1,50,0.000298,4,8.75
RS_S08_INC-1,50,0.000298,6,8.78
RS_S08_INC-1,50,0.000298,8,8.62
RS_S08_INC-1,50,0.000298,10,8.76
RS_S08_INC-1,50,0.000298,12,8.65
RS_S08_INC-1,50,0.000298,14,8.59
RS_S08_INC-1,50,0.000298,16,8.68
RS_S08_INC-1,50,0.000298,18,8.59
RS_S08_INC-1,50,0.000298,20,8.58
RS_S08_INC-1,50,0.000298,22,8.72
RS_S08_INC-1,50,0.000298,24,8.68
RS_S08_INC-1,50,0.000298,26,8.65
RS_S08_INC-1,50,0.000298,28,8.8
RS_S08_INC-1,50,0.000298,30,8.62
RS_S08_INC-1,50,0.000298,32,8.62
RS_S08_INC-1,50,0.000298,34,8.78
RS_S08_INC-1,50,0.000298,36,8.73
RS_S08_INC-1,50,0.000298,38,8.6
RS_S08_INC-1,50,0.000298,40,8.77
RS_S08_INC-1,50,0.000298,42,8.72
RS_S08_INC-1,50,0.000298,44,8.68
RS_S08_INC-1,50,0.000298,46,8.73
RS_S08_INC-1,50,0.000298,48,8.7
RS_S08_INC-1,50,0.000298,50,8.69
RS_S08_INC-1,50,0.000298,52,8.73
RS_S08_INC-1,50,0.000298,54,8.67
RS_S08_INC-1,50,0.000298,56,8.6
RS_S08_INC-1,50,0.000298,58,8.73
RS_S08_INC-1,50,0.000298,60,8.66
RS_S08_INC-1,50,0.000298,62,8.76
RS_S08_INC-1,50,0.000298,64,8.68
RS_S08_INC-1,50,0.000298,66,8.63
RS_S08_INC-1,50,0.000298,68,8.69
RS_S08_INC-1,50,0.000298,70,8.77
RS_S08_INC-1,50,0.000298,72,8.75
RS_S08_INC-1,50,0.000298,74,8.7
RS_S08_INC-1,50,0.000298,76,8.68
RS_S08_INC-1,50,0.000298,78,8.65
RS_S08_INC-1,50,0.000298,80,8.71
RS_S08_INC-1,50,0.000298,82,8.72
RS_S08_INC-1,50,0.000298,84,8.67
RS_S08_INC-1,50,0.000298,86,8.59
RS_S08_INC-1,50,0.000298,88,8.82
RS_S08_INC-1,50,0.000298,90,8.71
RS_S08_INC-1,50,0.000298,92,8.67
RS_S08_INC-1,50,0.000298,94,8.8
RS_S08_INC-1,50,0.000298,96,8.7
RS_S08_INC-1,50,0.000298,98,8.75
RS_S08_INC-1,50,0.000298,100,8.7
RS_S08_INC-1,50,0.000298,102,8.66
RS_S08_INC-1,50,0.000298,104,8.61
RS_S08_INC-1,50,0.000298,106,8.63
RS_S08_INC-1,50,0.000298,108,8.73
RS_S09_INC-1,50,0.000298,0,9.09
RS_S09_INC-1,50,0.000298,2,7.86
RS_S09_INC-1,50,0.000298,4,7.71
RS_S09_INC-1,50,0.000298,6,7.71
RS_S09_INC-1,50,0.000298,8,7.64
RS_S09_INC-1,50,0.000298,10,7.71
RS_S09_INC-1,50,0.000298,12,7.69
RS_S09_INC-1,50,0.000298,14,7.75
RS_S09_INC-1,50,0.000298,16,7.69
RS_S09_INC-1,50,0.000298,18,7.7
RS_S09_INC-1,50,0.000298,20,7.7
RS_S09_INC-1,50,0.000298,22,7.69
RS_S09_INC-1,50,0.000298,24,7.75
RS_S09_INC-1,50,0.000298,26,7.72
RS_S09_INC-1,50,0.000298,28,7.66
RS_S09_INC-1,50,0.000298,30,7.68
RS_S09_INC-1,50,0.000298,32,7.71
RS_S09_INC-1,50,0.000298,34,7.66
RS_S09_INC-1,50,0.000298,36,7.71
RS_S09_INC-1,50,0.000298,38,7.6
RS_S09_INC-1,50,0.000298,40,7.75
RS_S09_INC-1,50,0.000298,42,7.66
RS_S09_INC-1,50,0.000298,44,7.7
RS_S09_INC-1,50,0.000298,46,7.72
RS_S09_INC-1,50,0.000298,48,7.68
RS_S09_INC-1,50,0.000298,50,7.76
RS_S09_INC-1,50,0.000298,52,7.64
RS_S09_INC-1,50,0.000298,54,7.69
RS_S09_INC-1,50,0.000298,56,7.71
RS_S09_INC-1,50,0.000298,58,7.6
RS_S09_INC-1,50,0.000298,60,7.67
RS_S09_INC-1,50,0.000298,62,7.73
RS_S09_INC-1,50,0.000298,64,7.63
RS_S09_INC-1,50,0.000298,66,7.69
RS_S09_INC-1,50,0.000298,68,7.67
RS_S09_INC-1,50,0.000298,70,7.68
RS_S09_INC-1,50,0.000298,72,7.7
RS_S09_INC-1,50,0.000298,74,7.64
RS_S09_INC-1,50,0.000298,76,7.66
RS_S09_INC-1,50,0.000298,78,7.68
RS_S09_INC-1,50,0.000298,80,7.68
RS_S09_INC-1,50,0.000298,82,7.65
RS_S09_INC-1,50,0.000298,84,7.71
RS_S09_INC-1,50,0.000298,86,7.7
RS_S09_INC-1,50,0.000298,88,7.62
RS_S09_INC-1,50,0.000298,90,7.66
RS_S09_INC-1,50,0.000298,92,7.7
RS_S09_INC-1,50,0.000298,94,7.71
RS_S09_INC-1,50,0.000298,96,7.71
RS_S09_INC-1,50,0.000298,98,7.74
RS_S09_INC-1,50,0.000298,100,7.71
RS_S09_INC-1,50,0.000298,102,7.66
RS_S09_INC-1,50,0.000298,104,7.74
RS_S09_INC-1,50,0.000298,106,7.69
RS_S09_INC-1,50,0.000298,108,7.65
RS_S09_INC-1,50,0.000298,110,7.69
RS_S10_INC-1,50,0.000298,0,9.09
RS_S10_INC-1,50,0.000298,2,8.57
RS_S10_INC-1,50,0.000298,4,8.44
RS_S10_INC-1,50,0.000298,6,8.56
RS_S10_INC-1,50,0.000298,8,8.54
RS_S10_INC-1,50,0.000298,10,8.65
RS_S10_INC-1,50,0.000298,12,8.56
RS_S10_INC-1,50,0.000298,14,8.54
RS_S10_INC-1,50,0.000298,16,8.51
RS_S10_INC-1,50,0.000298,18,8.56
RS_S10_INC-1,50,0.000298,20,8.54
RS_S10_INC-1,50,0.000298,22,8.54
RS_S10_INC-1,50,0.000298,24,8.56
RS_S10_INC-1,50,0.000298,26,8.49
RS_S10_INC-1,50,0.000298,28,8.63
RS_S10_INC-1,50,0.000298,30,8.5
RS_S10_INC-1,50,0.000298,32,8.59
RS_S10_INC-1,50,0.000298,34,8.55
RS_S10_INC-1,50,0.000298,36,8.53
RS_S10_INC-1,50,0.000298,38,8.46
RS_S10_INC-1,50,0.000298,40,8.54
RS_S10_INC-1,50,0.000298,42,8.49
RS_S10_INC-1,50,0.000298,44,8.5
RS_S10_INC-1,50,0.000298,46,8.54
RS_S10_INC-1,50,0.000298,48,8.54
RS_S10_INC-1,50,0.000298,50,8.54
RS_S10_INC-1,50,0.000298,52,8.48
RS_S10_INC-1,50,0.000298,54,8.61
RS_S10_INC-1,50,0.000298,56,8.48
RS_S10_INC-1,50,0.000298,58,8.52
RS_S10_INC-1,50,0.000298,60,8.48
RS_S10_INC-1,50,0.000298,62,8.56
RS_S10_INC-1,50,0.000298,64,8.53
RS_S10_INC-1,50,0.000298,66,8.54
RS_S10_INC-1,50,0.000298,68,8.59
RS_S10_INC-1,50,0.000298,70,8.55
RS_S10_INC-1,50,0.000298,72,8.52
RS_S10_INC-1,50,0.000298,74,8.46
RS_S10_INC-1,50,0.000298,76,8.49
RS_S10_INC-1,50,0.000298,78,8.5
RS_S10_INC-1,50,0.000298,80,8.53
RS_S10_INC-1,50,0.000298,82,8.48
RS_S10_INC-1,50,0.000298,84,8.5
RS_S10_INC-1,50,0.000298,86,8.54
RS_S10_INC-1,50,0.000298,88,8.49
RS_S10_INC-1,50,0.000298,90,8.56
RS_S10_INC-1,50,0.000298,92,8.53
RS_S10_INC-1,50,0.000298,94,8.52
RS_S10_INC-1,50,0.000298,96,8.55
RS_S10_INC-1,50,0.000298,98,8.53
RS_S10_INC-1,50,0.000298,100,8.52
RS_S10_INC-1,50,0.000298,102,8.41
RS_S10_INC-1,50,0.000298,104,8.58
RS_S10_INC-1,50,0.000298,106,8.5
RS_S10_INC-1,50,0.000298,108,8.52
RS_S10_INC-1,50,0.000298,110,8.57
RS_S11_INC-1,50,0.000298,0,9.09
RS_S11_INC-1,50,0.000298,2,8.93
RS_S11_INC-1,50,0.000298,4,8.93
RS_S11_INC-1,50,0.000298,6,9.08
RS_S11_INC-1,50,0.000298,8,8.96
RS_S11_INC-1,50,0.000298,10,8.87
RS_S11_INC-1,50,0.000298,12,8.94
RS_S11_INC-1,50,0.000298,14,8.88
RS_S11_INC-1,50,0.000298,16,8.78
RS_S11_INC-1,50,0.000298,18,8.78
RS_S11_INC-1,50,0.000298,20,8.79
RS_S11_INC-1,50,0.000298,22,8.8
RS_S11_INC-1,50,0.000298,24,8.87
RS_S11_INC-1,50,0.000298,26,8.84
RS_S11_INC-1,50,0.000298,28,8.78
RS_S11_INC-1,50,0.000298,30,8.77
RS_S11_INC-1,50,0.000298,32,8.79
RS_S11_INC-1,50,0.000298,34,8.71
RS_S11_INC-1,50,0.000298,36,8.7
RS_S11_INC-1,50,0.000298,38,8.83
RS_S11_INC-1,50,0.000298,40,8.79
RS_S11_INC-1,50,0.000298,42,8.66
RS_S11_INC-1,50,0.000298,44,8.83
RS_S11_INC-1,50,0.000298,46,8.68
RS_S11_INC-1,50,0.000298,48,8.64
RS_S11_INC-1,50,0.000298,50,8.59
RS_S11_INC-1,50,0.000298,52,8.66
RS_S11_INC-1,50,0.000298,54,8.67
RS_S11_INC-1,50,0.000298,56,8.79
RS_S11_INC-1,50,0.000298,58,8.67
RS_S11_INC-1,50,0.000298,60,8.61
RS_S11_INC-1,50,0.000298,62,8.71
RS_S11_INC-1,50,0.000298,64,8.62
RS_S11_INC-1,50,0.000298,66,8.64
RS_S11_INC-1,50,0.000298,68,8.54
RS_S11_INC-1,50,0.000298,70,8.69
RS_S11_INC-1,50,0.000298,72,8.67
RS_S11_INC-1,50,0.000298,74,8.74
RS_S11_INC-1,50,0.000298,76,8.7
RS_S11_INC-1,50,0.000298,78,8.6
RS_S11_INC-1,50,0.000298,80,8.68
RS_S11_INC-1,50,0.000298,82,8.59
RS_S11_INC-1,50,0.000298,84,8.66
RS_S11_INC-1,50,0.000298,86,8.57
RS_S11_INC-1,50,0.000298,88,8.59
RS_S11_INC-1,50,0.000298,90,8.53
RS_S11_INC-1,50,0.000298,92,8.7
RS_S11_INC-1,50,0.000298,94,8.69
RS_S11_INC-1,50,0.000298,96,8.72
RS_S11_INC-1,50,0.000298,98,8.62
RS_S11_INC-1,50,0.000298,100,8.62
RS_S11_INC-1,50,0.000298,102,8.69
RS_S11_INC-1,50,0.000298,104,8.55
RS_S11_INC-1,50,0.000298,106,8.57
RS_S11_INC-1,50,0.000298,108,8.47
RS_S11_INC-1,50,0.000298,110,8.73
RS_S12_INC-1,50,0.000298,0,9.09
RS_S12_INC-1,50,0.000298,2,9.97
RS_S12_INC-1,50,0.000298,4,10.24
RS_S12_INC-1,50,0.000298,6,10.13
RS_S12_INC-1,50,0.000298,8,10.32
RS_S12_INC-1,50,0.000298,10,10.18
RS_S12_INC-1,50,0.000298,12,10.06
RS_S12_INC-1,50,0.000298,14,10.13
RS_S12_INC-1,50,0.000298,16,10.09
RS_S12_INC-1,50,0.000298,18,10.25
RS_S12_INC-1,50,0.000298,20,10.09
RS_S12_INC-1,50,0.000298,22,10.08
RS_S12_INC-1,50,0.000298,24,10.17
RS_S12_INC-1,50,0.000298,26,10
RS_S12_INC-1,50,0.000298,28,10.04
RS_S12_INC-1,50,0.000298,30,10.03
RS_S12_INC-1,50,0.000298,32,10.27
RS_S12_INC-1,50,0.000298,34,10.01
RS_S12_INC-1,50,0.000298,36,10.19
RS_S12_INC-1,50,0.000298,38,10.03
RS_S12_INC-1,50,0.000298,40,10.13
RS_S12_INC-1,50,0.000298,42,9.9
RS_S12_INC-1,50,0.000298,44,10.05
RS_S12_INC-1,50,0.000298,46,10.13
RS_S12_INC-1,50,0.000298,48,9.93
RS_S12_INC-1,50,0.000298,50,10
RS_S12_INC-1,50,0.000298,52,9.96
RS_S12_INC-1,50,0.000298,54,10.07
RS_S12_INC-1,50,0.000298,56,9.94
RS_S12_INC-1,50,0.000298,58,10.12
RS_S12_INC-1,50,0.000298,60,9.87
RS_S12_INC-1,50,0.000298,62,9.99
RS_S12_INC-1,50,0.000298,64,10.05
RS_S12_INC-1,50,0.000298,66,10.01
RS_S12_INC-1,50,0.000298,68,10.1
RS_S12_INC-1,50,0.000298,70,9.82
RS_S12_INC-1,50,0.000298,72,9.99
RS_S12_INC-1,50,0.000298,74,9.76
RS_S12_INC-1,50,0.000298,76,10
RS_S12_INC-1,50,0.000298,78,9.82
RS_S12_INC-1,50,0.000298,80,9.9
RS_S12_INC-1,50,0.000298,82,9.88
RS_S12_INC-1,50,0.000298,84,9.88
RS_S12_INC-1,50,0.000298,86,9.93
RS_S12_INC-1,50,0.000298,88,9.77
RS_S12_INC-1,50,0.000298,90,10
RS_S12_INC-1,50,0.000298,92,9.79
RS_S12_INC-1,50,0.000298,94,9.92
RS_S12_INC-1,50,0.000298,96,9.95
RS_S12_INC-1,50,0.000298,98,9.88
RS_S12_INC-1,50,0.000298,100,9.95
RS_S12_INC-1,50,0.000298,102,9.83
RS_S12_INC-1,50,0.000298,104,9.92
RS_S12_INC-1,50,0.000298,106,9.86
RS_S12_INC-1,50,0.000298,108,10.03
RS_S12_INC-1,50,0.000298,110,9.77
RS_S13_INC-1,50,0.000298,0,9.09
RS_S13_INC-1,50,0.000298,2,8.61
RS_S13_INC-1,50,0.000298,4,8.43
RS_S13_INC-1,50,0.000298,6,8.51
RS_S13_INC-1,50,0.000298,8,8.32
RS_S13_INC-1,50,0.000298,10,8.43
RS_S13_INC-1,50,0.000298,12,8.33
RS_S13_INC-1,50,0.000298,14,8.44
RS_S13_INC-1,50,0.000298,16,8.37
RS_S13_INC-1,50,0.000298,18,8.39
RS_S13_INC-1,50,0.000298,20,8.35
RS_S13_INC-1,50,0.000298,22,8.3
RS_S13_INC-1,50,0.000298,24,8.34
RS_S13_INC-1,50,0.000298,26,8.25
RS_S13_INC-1,50,0.000298,28,8.34
RS_S13_INC-1,50,0.000298,30,8.29
RS_S13_INC-1,50,0.000298,32,8.36
RS_S13_INC-1,50,0.000298,34,8.29
RS_S13_INC-1,50,0.000298,36,8.31
RS_S13_INC-1,50,0.000298,38,8.33
RS_S13_INC-1,50,0.000298,40,8.33
RS_S13_INC-1,50,0.000298,42,8.42
RS_S13_INC-1,50,0.000298,44,8.37
RS_S13_INC-1,50,0.000298,46,8.34
RS_S13_INC-1,50,0.000298,48,8.28
RS_S13_INC-1,50,0.000298,50,8.25
RS_S13_INC-1,50,0.000298,52,8.36
RS_S13_INC-1,50,0.000298,54,8.32
RS_S13_INC-1,50,0.000298,56,8.26
RS_S13_INC-1,50,0.000298,58,8.26
RS_S13_INC-1,50,0.000298,60,8.25
RS_S13_INC-1,50,0.000298,62,8.41
RS_S13_INC-1,50,0.000298,64,8.39
RS_S13_INC-1,50,0.000298,66,8.36
RS_S13_INC-1,50,0.000298,68,8.3
RS_S13_INC-1,50,0.000298,70,8.26
RS_S13_INC-1,50,0.000298,72,8.37
RS_S13_INC-1,50,0.000298,74,8.38
RS_S13_INC-1,50,0.000298,76,8.25
RS_S13_INC-1,50,0.000298,78,8.32
RS_S13_INC-1,50,0.000298,80,8.27
RS_S13_INC-1,50,0.000298,82,8.35
RS_S13_INC-1,50,0.000298,84,8.3
RS_S13_INC-1,50,0.000298,86,8.23
RS_S13_INC-1,50,0.000298,88,8.41
RS_S13_INC-1,50,0.000298,90,8.34
RS_S13_INC-1,50,0.000298,92,8.28
RS_S13_INC-1,50,0.000298,94,8.33
RS_S13_INC-1,50,0.000298,96,8.34
RS_S13_INC-1,50,0.000298,98,8.32
RS_S13_INC-1,50,0.000298,100,8.35
RS_S13_INC-1,50,0.000298,102,8.3
RS_S13_INC-1,50,0.000298,104,8.37
RS_S13_INC-1,50,0.000298,106,8.28
RS_S13_INC-1,50,0.000298,108,8.23
RS_S13_INC-1,50,0.000298,110,8.28
RS_S14_INC-1,50,0.000298,0,9.09
RS_S14_INC-1,50,0.000298,2,8.3
RS_S14_INC-1,50,0.000298,4,8.11
RS_S14_INC-1,50,0.000298,6,8.18
RS_S14_INC-1,50,0.000298,8,8.14
RS_S14_INC-1,50,0.000298,10,8.14
RS_S14_INC-1,50,0.000298,12,8.21
RS_S14_INC-1,50,0.000298,14,8.21
RS_S14_INC-1,50,0.000298,16,8.22
RS_S14_INC-1,50,0.000298,18,8.21
RS_S14_INC-1,50,0.000298,20,8.24
RS_S14_INC-1,50,0.000298,22,8.18
RS_S14_INC-1,50,0.000298,24,8.14
RS_S14_INC-1,50,0.000298,26,8.17
RS_S14_INC-1,50,0.000298,28,8.18
RS_S14_INC-1,50,0.000298,30,8.22
RS_S14_INC-1,50,0.000298,32,8.2
RS_S14_INC-1,50,0.000298,34,8.21
RS_S14_INC-1,50,0.000298,36,8.2
RS_S14_INC-1,50,0.000298,38,8.17
RS_S14_INC-1,50,0.000298,40,8.12
RS_S14_INC-1,50,0.000298,42,8.12
RS_S14_INC-1,50,0.000298,44,8.16
RS_S14_INC-1,50,0.000298,46,8.18
RS_S14_INC-1,50,0.000298,48,8.15
RS_S14_INC-1,50,0.000298,50,8.25
RS_S14_INC-1,50,0.000298,52,8.18
RS_S14_INC-1,50,0.000298,54,8.17
RS_S14_INC-1,50,0.000298,56,8.09
RS_S14_INC-1,50,0.000298,58,8.23
RS_S14_INC-1,50,0.000298,60,8.28
RS_S14_INC-1,50,0.000298,62,8.1
RS_S14_INC-1,50,0.000298,64,8.12
RS_S14_INC-1,50,0.000298,66,8.19
RS_S14_INC-1,50,0.000298,68,8.03
RS_S14_INC-1,50,0.000298,70,8.22
RS_S14_INC-1,50,0.000298,72,8.02
RS_S14_INC-1,50,0.000298,74,7.94
RS_S14_INC-1,50,0.000298,76,8.17
RS_S14_INC-1,50,0.000298,78,8.04
RS_S14_INC-1,50,0.000298,80,8.14
RS_S14_INC-1,50,0.000298,82,8.07
RS_S14_INC-1,50,0.000298,84,8.1
RS_S14_INC-1,50,0.000298,86,8.2
RS_S14_INC-1,50,0.000298,88,8.08
RS_S14_INC-1,50,0.000298,90,8.07
RS_S14_INC-1,50,0.000298,92,8.18
RS_S14_INC-1,50,0.000298,94,8.04
RS_S14_INC-1,50,0.000298,96,7.99
RS_S14_INC-1,50,0.000298,98,8.02
RS_S14_INC-1,50,0.000298,100,7.97
RS_S14_INC-1,50,0.000298,102,8.1
RS_S14_INC-1,50,0.000298,104,8.01
RS_S14_INC-1,50,0.000298,106,7.94
RS_S14_INC-1,50,0.000298,108,8.11
RS_S15_INC-1,50,0.000298,0,9.09
RS_S15_INC-1,50,0.000298,2,7.59
RS_S15_INC-1,50,0.000298,4,7.87
RS_S15_INC-1,50,0.000298,6,7.94
RS_S15_INC-1,50,0.000298,8,8
RS_S15_INC-1,50,0.000298,10,7.93
RS_S15_INC-1,50,0.000298,12,8.04
RS_S15_INC-1,50,0.000298,14,8
RS_S15_INC-1,50,0.000298,16,7.97
RS_S15_INC-1,50,0.000298,18,8.01
RS_S15_INC-1,50,0.000298,20,8.02
RS_S15_INC-1,50,0.000298,22,8
RS_S15_INC-1,50,0.000298,24,8.06
RS_S15_INC-1,50,0.000298,26,8.09
RS_S15_INC-1,50,0.000298,28,8.04
RS_S15_INC-1,50,0.000298,30,8.1
RS_S15_INC-1,50,0.000298,32,8.11
RS_S15_INC-1,50,0.000298,34,8.05
RS_S15_INC-1,50,0.000298,36,8.1
RS_S15_INC-1,50,0.000298,38,8.12
RS_S15_INC-1,50,0.000298,40,8.04
RS_S15_INC-1,50,0.000298,42,8.04
RS_S15_INC-1,50,0.000298,44,8.06
RS_S15_INC-1,50,0.000298,46,8.08
RS_S15_INC-1,50,0.000298,48,8.13
RS_S15_INC-1,50,0.000298,50,8.15
RS_S15_INC-1,50,0.000298,52,8.11
RS_S15_INC-1,50,0.000298,54,8.19
RS_S15_INC-1,50,0.000298,56,8.08
RS_S15_INC-1,50,0.000298,58,8.07
RS_S15_INC-1,50,0.000298,60,8.16
RS_S15_INC-1,50,0.000298,62,8.14
RS_S15_INC-1,50,0.000298,64,8.23
RS_S15_INC-1,50,0.000298,66,8.27
RS_S15_INC-1,50,0.000298,68,8.12
RS_S15_INC-1,50,0.000298,70,8.2
RS_S15_INC-1,50,0.000298,72,8.2
RS_S15_INC-1,50,0.000298,74,8.06
RS_S15_INC-1,50,0.000298,76,8.26
RS_S15_INC-1,50,0.000298,78,8.13
RS_S15_INC-1,50,0.000298,80,8.13
RS_S15_INC-1,50,0.000298,82,8.21
RS_S15_INC-1,50,0.000298,84,8.18
RS_S15_INC-1,50,0.000298,86,8.24
RS_S15_INC-1,50,0.000298,88,8.2
RS_S15_INC-1,50,0.000298,90,8.11
RS_S15_INC-1,50,0.000298,92,8.31
RS_S15_INC-1,50,0.000298,94,8.16
RS_S15_INC-1,50,0.000298,96,8.12
RS_S15_INC-1,50,0.000298,98,8.26
RS_S15_INC-1,50,0.000298,100,8.14
RS_S15_INC-1,50,0.000298,102,8.23
RS_S15_INC-1,50,0.000298,104,8.21
RS_S15_INC-1,50,0.000298,106,8.13
RS_S15_INC-1,50,0.000298,108,8.3
RS_S15_INC-1,50,0.000298,110,8.19
RS_S16_INC-1,50,0.000298,0,9.09
RS_S16_INC-1,50,0.000298,2,7.37
RS_S16_INC-1,50,0.000298,4,7.25
RS_S16_INC-1,50,0.000298,6,7.32
RS_S16_INC-1,50,0.000298,8,7.27
RS_S16_INC-1,50,0.000298,10,7.46
RS_S16_INC-1,50,0.000298,12,7.39
RS_S16_INC-1,50,0.000298,14,7.26
RS_S16_INC-1,50,0.000298,16,7.16
RS_S16_INC-1,50,0.000298,18,7.4
RS_S16_INC-1,50,0.000298,20,7.58
RS_S16_INC-1,50,0.000298,22,7.31
RS_S16_INC-1,50,0.000298,24,7.2
RS_S16_INC-1,50,0.000298,26,7.25
RS_S16_INC-1,50,0.000298,28,7.68
RS_S16_INC-1,50,0.000298,30,7.35
RS_S16_INC-1,50,0.000298,32,7.27
RS_S16_INC-1,50,0.000298,34,7.35
RS_S16_INC-1,50,0.000298,36,7.67
RS_S16_INC-1,50,0.000298,38,7.36
RS_S16_INC-1,50,0.000298,40,7.25
RS_S16_INC-1,50,0.000298,42,7.35
RS_S16_INC-1,50,0.000298,44,7.57
RS_S16_INC-1,50,0.000298,46,7.42
RS_S16_INC-1,50,0.000298,48,7.31
RS_S16_INC-1,50,0.000298,50,7.35
RS_S16_INC-1,50,0.000298,52,7.5
RS_S16_INC-1,50,0.000298,54,7.47
RS_S16_INC-1,50,0.000298,56,7.31
RS_S16_INC-1,50,0.000298,58,7.3
RS_S16_INC-1,50,0.000298,60,7.51
RS_S16_INC-1,50,0.000298,62,7.58
RS_S16_INC-1,50,0.000298,64,7.3
RS_S16_INC-1,50,0.000298,66,7.26
RS_S16_INC-1,50,0.000298,68,7.37
RS_S16_INC-1,50,0.000298,70,7.6
RS_S16_INC-1,50,0.000298,72,7.44
RS_S16_INC-1,50,0.000298,74,7.31
RS_S16_INC-1,50,0.000298,76,7.33
RS_S16_INC-1,50,0.000298,78,7.58
RS_S16_INC-1,50,0.000298,80,7.46
RS_S16_INC-1,50,0.000298,82,7.33
RS_S16_INC-1,50,0.000298,84,7.26
RS_S16_INC-1,50,0.000298,86,7.41
RS_S16_INC-1,50,0.000298,88,7.54
RS_S16_INC-1,50,0.000298,90,7.52
RS_S16_INC-1,50,0.000298,92,7.33
RS_S16_INC-1,50,0.000298,94,7.35
RS_S16_INC-1,50,0.000298,96,7.49
RS_S16_INC-1,50,0.000298,98,7.49
RS_S16_INC-1,50,0.000298,100,7.35
RS_S16_INC-1,50,0.000298,102,7.37
RS_S16_INC-1,50,0.000298,104,7.39
RS_S16_INC-1,50,0.000298,106,7.67
RS_S16_INC-1,50,0.000298,108,7.52
RS_S16_INC-1,50,0.000298,110,7.37
RS_S17_INC-1,50,0.000298,0,9.09
RS_S17_INC-1,50,0.000298,2,7.7
RS_S17_INC-1,50,0.000298,4,7.28
RS_S17_INC-1,50,0.000298,6,7.68
RS_S17_INC-1,50,0.000298,8,7.48
RS_S17_INC-1,50,0.000298,10,7.4
RS_S17_INC-1,50,0.000298,12,7.61
RS_S17_INC-1,50,0.000298,14,7.38
RS_S17_INC-1,50,0.000298,16,7.34
RS_S17_INC-1,50,0.000298,18,7.71
RS_S17_INC-1,50,0.000298,20,7.24
RS_S17_INC-1,50,0.000298,22,7.7
RS_S17_INC-1,50,0.000298,24,7.51
RS_S17_INC-1,50,0.000298,26,7.27
RS_S17_INC-1,50,0.000298,28,7.58
RS_S17_INC-1,50,0.000298,30,7.34
RS_S17_INC-1,50,0.000298,32,7.4
RS_S17_INC-1,50,0.000298,34,7.47
RS_S17_INC-1,50,0.000298,36,7.23
RS_S17_INC-1,50,0.000298,38,7.56
RS_S17_INC-1,50,0.000298,40,7.27
RS_S17_INC-1,50,0.000298,42,7.36
RS_S17_INC-1,50,0.000298,44,7.48
RS_S17_INC-1,50,0.000298,46,7.32
RS_S17_INC-1,50,0.000298,48,7.26
RS_S17_INC-1,50,0.000298,50,7.45
RS_S17_INC-1,50,0.000298,52,7.26
RS_S17_INC-1,50,0.000298,54,7.48
RS_S17_INC-1,50,0.000298,56,7.43
RS_S17_INC-1,50,0.000298,58,7.21
RS_S17_INC-1,50,0.000298,60,7.68
RS_S17_INC-1,50,0.000298,62,7.28
RS_S17_INC-1,50,0.000298,64,7.45
RS_S17_INC-1,50,0.000298,66,7.38
RS_S17_INC-1,50,0.000298,68,7.22
RS_S17_INC-1,50,0.000298,70,7.49
RS_S17_INC-1,50,0.000298,72,7.25
RS_S17_INC-1,50,0.000298,74,7.41
RS_S17_INC-1,50,0.000298,76,7.33
RS_S17_INC-1,50,0.000298,78,7.25
RS_S17_INC-1,50,0.000298,80,7.48
RS_S17_INC-1,50,0.000298,82,7.28
RS_S17_INC-1,50,0.000298,84,7.4
RS_S17_INC-1,50,0.000298,86,7.55
RS_S17_INC-1,50,0.000298,88,7.27
RS_S17_INC-1,50,0.000298,90,7.47
RS_S17_INC-1,50,0.000298,92,7.34
RS_S17_INC-1,50,0.000298,94,7.43
RS_S17_INC-1,50,0.000298,96,7.39
RS_S17_INC-1,50,0.000298,98,7.13
RS_S17_INC-1,50,0.000298,100,7.45
RS_S17_INC-1,50,0.000298,102,7.37
RS_S17_INC-1,50,0.000298,104,7.33
RS_S17_INC-1,50,0.000298,106,7.34
RS_S17_INC-1,50,0.000298,108,7.19
RS_S18_INC-1,50,0.000298,0,9.09
RS_S18_INC-1,50,0.000298,2,8.93
RS_S18_INC-1,50,0.000298,4,9.01
RS_S18_INC-1,50,0.000298,6,8.9
RS_S18_INC-1,50,0.000298,8,8.9
RS_S18_INC-1,50,0.000298,10,9.05
RS_S18_INC-1,50,0.000298,12,8.86
RS_S18_INC-1,50,0.000298,14,8.9
RS_S18_INC-1,50,0.000298,16,8.94
RS_S18_INC-1,50,0.000298,18,8.96
RS_S18_INC-1,50,0.000298,20,8.82
RS_S18_INC-1,50,0.000298,22,9.02
RS_S18_INC-1,50,0.000298,24,8.81
RS_S18_INC-1,50,0.000298,26,8.97
RS_S18_INC-1,50,0.000298,28,8.92
RS_S18_INC-1,50,0.000298,30,8.87
RS_S18_INC-1,50,0.000298,32,8.99
RS_S18_INC-1,50,0.000298,34,8.94
RS_S18_INC-1,50,0.000298,36,9.11
RS_S18_INC-1,50,0.000298,38,9.03
RS_S18_INC-1,50,0.000298,40,9.02
RS_S18_INC-1,50,0.000298,42,8.97
RS_S18_INC-1,50,0.000298,44,8.96
RS_S18_INC-1,50,0.000298,46,8.82
RS_S18_INC-1,50,0.000298,48,8.9
RS_S18_INC-1,50,0.000298,50,8.93
RS_S18_INC-1,50,0.000298,52,8.9
RS_S18_INC-1,50,0.000298,54,8.94
RS_S18_INC-1,50,0.000298,56,8.92
RS_S18_INC-1,50,0.000298,58,8.97
RS_S18_INC-1,50,0.000298,60,8.88
RS_S18_INC-1,50,0.000298,62,8.98
RS_S18_INC-1,50,0.000298,64,8.98
RS_S18_INC-1,50,0.000298,66,8.98
RS_S18_INC-1,50,0.000298,68,8.9
RS_S18_INC-1,50,0.000298,70,8.84
RS_S18_INC-1,50,0.000298,72,8.87
RS_S18_INC-1,50,0.000298,74,8.85
RS_S18_INC-1,50,0.000298,76,8.85
RS_S18_INC-1,50,0.000298,78,8.72
RS_S18_INC-1,50,0.000298,80,8.87
RS_S18_INC-1,50,0.000298,82,8.89
RS_S18_INC-1,50,0.000298,84,8.97
RS_S18_INC-1,50,0.000298,86,8.96
RS_S18_INC-1,50,0.000298,88,9.06
RS_S18_INC-1,50,0.000298,90,8.86
RS_S18_INC-1,50,0.000298,92,8.97
RS_S18_INC-1,50,0.000298,94,8.96
RS_S18_INC-1,50,0.000298,96,8.96
RS_S18_INC-1,50,0.000298,98,8.87
RS_S18_INC-1,50,0.000298,100,8.92
RS_S18_INC-1,50,0.000298,102,9.04
RS_S18_INC-1,50,0.000298,104,8.79
RS_S18_INC-1,50,0.000298,106,8.86
RS_S18_INC-1,50,0.000298,108,8.95
RS_S18_INC-1,50,0.000298,110,8.96
RS_S19_INC-1,50,0.000298,0,9.09
RS_S19_INC-1,50,0.000298,2,8.72
RS_S19_INC-1,50,0.000298,4,8.72
RS_S19_INC-1,50,0.000298,6,8.56
RS_S19_INC-1,50,0.000298,8,8.69
RS_S19_INC-1,50,0.000298,10,8.45
RS_S19_INC-1,50,0.000298,12,8.73
RS_S19_INC-1,50,0.000298,14,8.44
RS_S19_INC-1,50,0.000298,16,8.55
RS_S19_INC-1,50,0.000298,18,8.57
RS_S19_INC-1,50,0.000298,20,8.54
RS_S19_INC-1,50,0.000298,22,8.64
RS_S19_INC-1,50,0.000298,24,8.39
RS_S19_INC-1,50,0.000298,26,8.47
RS_S19_INC-1,50,0.000298,28,8.5
RS_S19_INC-1,50,0.000298,30,8.43
RS_S19_INC-1,50,0.000298,32,8.57
RS_S19_INC-1,50,0.000298,34,8.31
RS_S19_INC-1,50,0.000298,36,8.47
RS_S19_INC-1,50,0.000298,38,8.49
RS_S19_INC-1,50,0.000298,40,8.37
RS_S19_INC-1,50,0.000298,42,8.44
RS_S19_INC-1,50,0.000298,44,8.5
RS_S19_INC-1,50,0.000298,46,8.42
RS_S19_INC-1,50,0.000298,48,8.47
RS_S19_INC-1,50,0.000298,50,8.39
RS_S19_INC-1,50,0.000298,52,8.4
RS_S19_INC-1,50,0.000298,54,8.39
RS_S19_INC-1,50,0.000298,56,8.54
RS_S19_INC-1,50,0.000298,58,8.3
RS_S19_INC-1,50,0.000298,60,8.43
RS_S19_INC-1,50,0.000298,62,8.43
RS_S19_INC-1,50,0.000298,64,8.27
RS_S19_INC-1,50,0.000298,66,8.43
RS_S19_INC-1,50,0.000298,68,8.28
RS_S19_INC-1,50,0.000298,70,8.45
RS_S19_INC-1,50,0.000298,72,8.3
RS_S19_INC-1,50,0.000298,74,8.24
RS_S19_INC-1,50,0.000298,76,8.42
RS_S19_INC-1,50,0.000298,78,8.28
RS_S19_INC-1,50,0.000298,80,8.46
RS_S19_INC-1,50,0.000298,82,8.21
RS_S19_INC-1,50,0.000298,84,8.36
RS_S19_INC-1,50,0.000298,86,8.28
RS_S19_INC-1,50,0.000298,88,8.22
RS_S19_INC-1,50,0.000298,90,8.31
RS_S19_INC-1,50,0.000298,92,8.19
RS_S19_INC-1,50,0.000298,94,8.4
RS_S19_INC-1,50,0.000298,96,8.27
RS_S19_INC-1,50,0.000298,98,8.42
RS_S19_INC-1,50,0.000298,100,8.15
RS_S19_INC-1,50,0.000298,102,8.26
RS_S19_INC-1,50,0.000298,104,8.19
RS_S19_INC-1,50,0.000298,106,8.22
RS_S19_INC-1,50,0.000298,108,8.29
RS_S19_INC-1,50,0.000298,110,8.24
RS_S20_INC-1,50,0.000298,0,9.09
RS_S20_INC-1,50,0.000298,2,11.1
RS_S20_INC-1,50,0.000298,4,10.66
RS_S20_INC-1,50,0.000298,6,11.2
RS_S20_INC-1,50,0.000298,8,11.03
RS_S20_INC-1,50,0.000298,10,11.05
RS_S20_INC-1,50,0.000298,12,10.96
RS_S20_INC-1,50,0.000298,14,11.48
RS_S20_INC-1,50,0.000298,16,11.48
RS_S20_INC-1,50,0.000298,18,10.74
RS_S20_INC-1,50,0.000298,20,11.74
RS_S20_INC-1,50,0.000298,22,11.22
RS_S20_INC-1,50,0.000298,24,10.88
RS_S20_INC-1,50,0.000298,26,11.32
RS_S20_INC-1,50,0.000298,28,11.48
RS_S20_INC-1,50,0.000298,30,11.18
RS_S20_INC-1,50,0.000298,32,11
RS_S20_INC-1,50,0.000298,34,11.74
RS_S20_INC-1,50,0.000298,36,11.29
RS_S20_INC-1,50,0.000298,38,11.31
RS_S20_INC-1,50,0.000298,40,10.99
RS_S20_INC-1,50,0.000298,42,11.71
RS_S20_INC-1,50,0.000298,44,11.14
RS_S20_INC-1,50,0.000298,46,10.95
RS_S20_INC-1,50,0.000298,48,11.19
RS_S20_INC-1,50,0.000298,50,11.66
RS_S20_INC-1,50,0.000298,52,11.2
RS_S20_INC-1,50,0.000298,54,10.96
RS_S20_INC-1,50,0.000298,56,11.45
RS_S20_INC-1,50,0.000298,58,11.6
RS_S20_INC-1,50,0.000298,60,11.01
RS_S20_INC-1,50,0.000298,62,11.17
RS_S20_INC-1,50,0.000298,64,11.99
RS_S20_INC-1,50,0.000298,66,11.16
RS_S20_INC-1,50,0.000298,68,11.5
RS_S20_INC-1,50,0.000298,70,11.17
RS_S20_INC-1,50,0.000298,72,11.62
RS_S20_INC-1,50,0.000298,74,11.2
RS_S20_INC-1,50,0.000298,76,11.46
RS_S20_INC-1,50,0.000298,78,10.86
RS_S20_INC-1,50,0.000298,80,11.55
RS_S20_INC-1,50,0.000298,82,11.25
RS_S20_INC-1,50,0.000298,84,11.04
RS_S20_INC-1,50,0.000298,86,11.12
RS_S20_INC-1,50,0.000298,88,11.54
RS_S20_INC-1,50,0.000298,90,11.26
RS_S20_INC-1,50,0.000298,92,10.93
RS_S20_INC-1,50,0.000298,94,11.6
RS_S20_INC-1,50,0.000298,96,11.35
RS_S20_INC-1,50,0.000298,98,11.23
RS_S20_INC-1,50,0.000298,100,10.92
RS_S20_INC-1,50,0.000298,102,11.51
RS_S20_INC-1,50,0.000298,104,11.47
RS_S20_INC-1,50,0.000298,106,11.25
RS_S20_INC-1,50,0.000298,108,11.08
RS_S20_INC-1,50,0.000298,110,11.69
RS_S21_INC-1,50,0.000298,0,9.09
RS_S21_INC-1,50,0.000298,2,8.66
RS_S21_INC-1,50,0.000298,4,8.1
RS_S21_INC-1,50,0.000298,6,8.18
RS_S21_INC-1,50,0.000298,8,7.98
RS_S21_INC-1,50,0.000298,10,7.87
RS_S21_INC-1,50,0.000298,12,7.96
RS_S21_INC-1,50,0.000298,14,7.98
RS_S21_INC-1,50,0.000298,16,7.96
RS_S21_INC-1,50,0.000298,18,7.89
RS_S21_INC-1,50,0.000298,20,7.91
RS_S21_INC-1,50,0.000298,22,7.87
RS_S21_INC-1,50,0.000298,24,7.92
RS_S21_INC-1,50,0.000298,26,7.73
RS_S21_INC-1,50,0.000298,28,7.87
RS_S21_INC-1,50,0.000298,30,7.97
RS_S21_INC-1,50,0.000298,32,7.83
RS_S21_INC-1,50,0.000298,34,7.91
RS_S21_INC-1,50,0.000298,36,7.78
RS_S21_INC-1,50,0.000298,38,7.82
RS_S21_INC-1,50,0.000298,40,7.96
RS_S21_INC-1,50,0.000298,42,7.76
RS_S21_INC-1,50,0.000298,44,7.84
RS_S21_INC-1,50,0.000298,46,7.9
RS_S21_INC-1,50,0.000298,48,7.76
RS_S21_INC-1,50,0.000298,50,7.84
RS_S21_INC-1,50,0.000298,52,7.89
RS_S21_INC-1,50,0.000298,54,7.78
RS_S21_INC-1,50,0.000298,56,7.87
RS_S21_INC-1,50,0.000298,58,7.83
RS_S21_INC-1,50,0.000298,60,7.73
RS_S21_INC-1,50,0.000298,62,7.86
RS_S21_INC-1,50,0.000298,64,7.77
RS_S21_INC-1,50,0.000298,66,7.79
RS_S21_INC-1,50,0.000298,68,7.94
RS_S21_INC-1,50,0.000298,70,7.72
RS_S21_INC-1,50,0.000298,72,7.86
RS_S21_INC-1,50,0.000298,74,7.89
RS_S21_INC-1,50,0.000298,76,7.72
RS_S21_INC-1,50,0.000298,78,7.78
RS_S21_INC-1,50,0.000298,80,7.81
RS_S21_INC-1,50,0.000298,82,7.7
RS_S21_INC-1,50,0.000298,84,7.75
RS_S21_INC-1,50,0.000298,86,7.75
RS_S21_INC-1,50,0.000298,88,7.73
RS_S21_INC-1,50,0.000298,90,7.93
RS_S21_INC-1,50,0.000298,92,7.69
RS_S21_INC-1,50,0.000298,94,7.81
RS_S21_INC-1,50,0.000298,96,7.9
RS_S21_INC-1,50,0.000298,98,7.72
RS_S21_INC-1,50,0.000298,100,7.78
RS_S21_INC-1,50,0.000298,102,7.73
RS_S21_INC-1,50,0.000298,104,7.76
RS_S21_INC-1,50,0.000298,106,7.8
RS_S21_INC-1,50,0.000298,108,7.7
RS_S21_INC-1,50,0.000298,110,7.82
RS_S22_INC-1,50,0.000298,0,9.09
RS_S22_INC-1,50,0.000298,2,9.84
RS_S22_INC-1,50,0.000298,4,9.41
RS_S22_INC-1,50,0.000298,6,9.63
RS_S22_INC-1,50,0.000298,8,9.53
RS_S22_INC-1,50,0.000298,10,9.75
RS_S22_INC-1,50,0.000298,12,9.73
RS_S22_INC-1,50,0.000298,14,9.61
RS_S22_INC-1,50,0.000298,16,9.69
RS_S22_INC-1,50,0.000298,18,9.55
RS_S22_INC-1,50,0.000298,20,9.72
RS_S22_INC-1,50,0.000298,22,9.67
RS_S22_INC-1,50,0.000298,24,9.52
RS_S22_INC-1,50,0.000298,26,9.61
RS_S22_INC-1,50,0.000298,28,9.68
RS_S22_INC-1,50,0.000298,30,9.61
RS_S22_INC-1,50,0.000298,32,9.72
RS_S22_INC-1,50,0.000298,34,9.52
RS_S22_INC-1,50,0.000298,36,9.72
RS_S22_INC-1,50,0.000298,38,9.61
RS_S22_INC-1,50,0.000298,40,9.4
RS_S22_INC-1,50,0.000298,42,9.65
RS_S22_INC-1,50,0.000298,44,9.61
RS_S22_INC-1,50,0.000298,46,9.58
RS_S22_INC-1,50,0.000298,48,9.68
RS_S22_INC-1,50,0.000298,50,9.6
RS_S22_INC-1,50,0.000298,52,9.6
RS_S22_INC-1,50,0.000298,54,9.57
RS_S22_INC-1,50,0.000298,56,9.58
RS_S22_INC-1,50,0.000298,58,9.65
RS_S22_INC-1,50,0.000298,60,9.6
RS_S22_INC-1,50,0.000298,62,9.52
RS_S22_INC-1,50,0.000298,64,9.58
RS_S22_INC-1,50,0.000298,66,9.59
RS_S22_INC-1,50,0.000298,68,9.41
RS_S22_INC-1,50,0.000298,70,9.63
RS_S22_INC-1,50,0.000298,72,9.64
RS_S22_INC-1,50,0.000298,74,9.43
RS_S22_INC-1,50,0.000298,76,9.62
RS_S22_INC-1,50,0.000298,78,9.65
RS_S22_INC-1,50,0.000298,80,9.46
RS_S22_INC-1,50,0.000298,82,9.61
RS_S22_INC-1,50,0.000298,84,9.62
RS_S22_INC-1,50,0.000298,86,9.5
RS_S22_INC-1,50,0.000298,88,9.62
RS_S22_INC-1,50,0.000298,90,9.58
RS_S22_INC-1,50,0.000298,92,9.58
RS_S22_INC-1,50,0.000298,94,9.62
RS_S22_INC-1,50,0.000298,96,9.49
RS_S22_INC-1,50,0.000298,98,9.52
RS_S22_INC-1,50,0.000298,100,9.58
RS_S22_INC-1,50,0.000298,102,9.45
RS_S22_INC-1,50,0.000298,104,9.58
RS_S22_INC-1,50,0.000298,106,9.55
RS_S22_INC-1,50,0.000298,108,9.5
RS_S22_INC-1,50,0.000298,110,9.45
RS_S23_INC-1,50,0.000298,0,9.09
RS_S23_INC-1,50,0.000298,2,8.29
RS_S23_INC-1,50,0.000298,4,8.26
RS_S23_INC-1,50,0.000298,6,8.19
RS_S23_INC-1,50,0.000298,8,8.15
RS_S23_INC-1,50,0.000298,10,8.11
RS_S23_INC-1,50,0.000298,12,8.11
RS_S23_INC-1,50,0.000298,14,7.81
RS_S23_INC-1,50,0.000298,16,7.86
RS_S23_INC-1,50,0.000298,18,7.75
RS_S23_INC-1,50,0.000298,20,7.94
RS_S23_INC-1,50,0.000298,22,7.83
RS_S23_INC-1,50,0.000298,24,7.88
RS_S23_INC-1,50,0.000298,26,7.75
RS_S23_INC-1,50,0.000298,28,7.89
RS_S23_INC-1,50,0.000298,30,7.72
RS_S23_INC-1,50,0.000298,32,7.96
RS_S23_INC-1,50,0.000298,34,7.72
RS_S23_INC-1,50,0.000298,36,7.91
RS_S23_INC-1,50,0.000298,38,7.78
RS_S23_INC-1,50,0.000298,40,7.91
RS_S23_INC-1,50,0.000298,42,7.85
RS_S23_INC-1,50,0.000298,44,7.9
RS_S23_INC-1,50,0.000298,46,7.84
RS_S23_INC-1,50,0.000298,48,7.93
RS_S23_INC-1,50,0.000298,50,7.93
RS_S23_INC-1,50,0.000298,52,7.95
RS_S23_INC-1,50,0.000298,54,7.92
RS_S23_INC-1,50,0.000298,56,7.85
RS_S23_INC-1,50,0.000298,58,8.03
RS_S23_INC-1,50,0.000298,60,7.96
RS_S23_INC-1,50,0.000298,62,7.95
RS_S23_INC-1,50,0.000298,64,7.92
RS_S23_INC-1,50,0.000298,66,7.89
RS_S23_INC-1,50,0.000298,68,7.9
RS_S23_INC-1,50,0.000298,70,7.92
RS_S23_INC-1,50,0.000298,72,7.82
RS_S23_INC-1,50,0.000298,74,7.87
RS_S23_INC-1,50,0.000298,76,7.8
RS_S23_INC-1,50,0.000298,78,7.81
RS_S23_INC-1,50,0.000298,80,7.77
RS_S23_INC-1,50,0.000298,82,7.92
RS_S23_INC-1,50,0.000298,84,7.83
RS_S23_INC-1,50,0.000298,86,7.84
RS_S23_INC-1,50,0.000298,88,7.85
RS_S23_INC-1,50,0.000298,90,7.82
RS_S23_INC-1,50,0.000298,92,7.88
RS_S23_INC-1,50,0.000298,94,7.81
RS_S23_INC-1,50,0.000298,96,7.83
RS_S23_INC-1,50,0.000298,98,7.79
RS_S23_INC-1,50,0.000298,100,7.85
RS_S23_INC-1,50,0.000298,102,7.83
RS_S23_INC-1,50,0.000298,104,7.85
RS_S23_INC-1,50,0.000298,106,7.9
RS_S23_INC-1,50,0.000298,108,7.92
RS_S24_INC-1,50,0.000298,0,9.09
RS_S24_INC-1,50,0.000298,2,8.76
RS_S24_INC-1,50,0.000298,4,8.73
RS_S24_INC-1,50,0.000298,6,8.41
RS_S24_INC-1,50,0.000298,8,8.58
RS_S24_INC-1,50,0.000298,10,8.47
RS_S24_INC-1,50,0.000298,12,8.57
RS_S24_INC-1,50,0.000298,14,8.48
RS_S24_INC-1,50,0.000298,16,8.46
RS_S24_INC-1,50,0.000298,18,8.49
RS_S24_INC-1,50,0.000298,20,8.44
RS_S24_INC-1,50,0.000298,22,8.46
RS_S24_INC-1,50,0.000298,24,8.41
RS_S24_INC-1,50,0.000298,26,8.42
RS_S24_INC-1,50,0.000298,28,8.25
RS_S24_INC-1,50,0.000298,30,8.42
RS_S24_INC-1,50,0.000298,32,8.32
RS_S24_INC-1,50,0.000298,34,8.37
RS_S24_INC-1,50,0.000298,36,8.31
RS_S24_INC-1,50,0.000298,38,8.49
RS_S24_INC-1,50,0.000298,40,8.43
RS_S24_INC-1,50,0.000298,42,8.38
RS_S24_INC-1,50,0.000298,44,8.53
RS_S24_INC-1,50,0.000298,46,8.4
RS_S24_INC-1,50,0.000298,48,8.41
RS_S24_INC-1,50,0.000298,50,8.33
RS_S24_INC-1,50,0.000298,52,8.37
RS_S24_INC-1,50,0.000298,54,8.25
RS_S24_INC-1,50,0.000298,56,8.46
RS_S24_INC-1,50,0.000298,58,8.24
RS_S24_INC-1,50,0.000298,60,8.4
RS_S24_INC-1,50,0.000298,62,8.41
RS_S24_INC-1,50,0.000298,64,8.33
RS_S24_INC-1,50,0.000298,66,8.4
RS_S24_INC-1,50,0.000298,68,8.38
RS_S24_INC-1,50,0.000298,70,8.35
RS_S24_INC-1,50,0.000298,72,8.22
RS_S24_INC-1,50,0.000298,74,8.38
RS_S24_INC-1,50,0.000298,76,8.33
RS_S24_INC-1,50,0.000298,78,8.37
RS_S24_INC-1,50,0.000298,80,8.47
RS_S24_INC-1,50,0.000298,82,8.29
RS_S24_INC-1,50,0.000298,84,8.32
RS_S24_INC-1,50,0.000298,86,8.24
RS_S24_INC-1,50,0.000298,88,8.32
RS_S24_INC-1,50,0.000298,90,8.42
RS_S24_INC-1,50,0.000298,92,8.35
RS_S24_INC-1,50,0.000298,94,8.44
RS_S24_INC-1,50,0.000298,96,8.28
RS_S24_INC-1,50,0.000298,98,8.33
RS_S24_INC-1,50,0.000298,100,8.21
RS_S24_INC-1,50,0.000298,102,8.31
RS_S24_INC-1,50,0.000298,104,8.36
RS_S24_INC-1,50,0.000298,106,8.29
RS_S24_INC-1,50,0.000298,108,8.41
RS_S24_INC-1,50,0.000298,110,8.22
RS_S25_INC-1,50,0.000298,0,9.09
RS_S25_INC-1,50,0.000298,2,8.66
RS_S25_INC-1,50,0.000298,4,8.73
RS_S25_INC-1,50,0.000298,6,8.75
RS_S25_INC-1,50,0.000298,8,8.74
RS_S25_INC-1,50,0.000298,10,8.79
RS_S25_INC-1,50,0.000298,12,8.78
RS_S25_INC-1,50,0.000298,14,8.79
RS_S25_INC-1,50,0.000298,16,8.79
RS_S25_INC-1,50,0.000298,18,8.84
RS_S25_INC-1,50,0.000298,20,8.77
RS_S25_INC-1,50,0.000298,22,8.82
RS_S25_INC-1,50,0.000298,24,8.8
RS_S25_INC-1,50,0.000298,26,8.87
RS_S25_INC-1,50,0.000298,28,8.83
RS_S25_INC-1,50,0.000298,30,8.9
RS_S25_INC-1,50,0.000298,32,8.83
RS_S25_INC-1,50,0.000298,34,8.85
RS_S25_INC-1,50,0.000298,36,8.83
RS_S25_INC-1,50,0.000298,38,8.87
RS_S25_INC-1,50,0.000298,40,8.84
RS_S25_INC-1,50,0.000298,42,8.81
RS_S25_INC-1,50,0.000298,44,8.83
RS_S25_INC-1,50,0.000298,46,8.84
RS_S25_INC-1,50,0.000298,48,8.82
RS_S25_INC-1,50,0.000298,50,8.84
RS_S25_INC-1,50,0.000298,52,8.82
RS_S25_INC-1,50,0.000298,54,8.85
RS_S25_INC-1,50,0.000298,56,8.81
RS_S25_INC-1,50,0.000298,58,8.83
RS_S25_INC-1,50,0.000298,60,8.83
RS_S25_INC-1,50,0.000298,62,8.91
RS_S25_INC-1,50,0.000298,64,8.81
RS_S25_INC-1,50,0.000298,66,8.84
RS_S25_INC-1,50,0.000298,68,8.79
RS_S25_INC-1,50,0.000298,70,8.85
RS_S25_INC-1,50,0.000298,72,8.87
RS_S25_INC-1,50,0.000298,74,8.82
RS_S25_INC-1,50,0.000298,76,8.81
RS_S25_INC-1,50,0.000298,78,8.84
RS_S25_INC-1,50,0.000298,80,8.85
RS_S25_INC-1,50,0.000298,82,8.81
RS_S25_INC-1,50,0.000298,84,8.8
RS_S25_INC-1,50,0.000298,86,8.83
RS_S25_INC-1,50,0.000298,88,8.87
RS_S25_INC-1,50,0.000298,90,8.86
RS_S25_INC-1,50,0.000298,92,8.81
RS_S25_INC-1,50,0.000298,94,8.85
RS_S25_INC-1,50,0.000298,96,8.84
RS_S25_INC-1,50,0.000298,98,8.86
RS_S25_INC-1,50,0.000298,100,8.82
RS_S25_INC-1,50,0.000298,102,8.88
RS_S25_INC-1,50,0.000298,104,8.86
RS_S25_INC-1,50,0.000298,106,8.9
RS_S25_INC-1,50,0.000298,108,8.81
RS_S25_INC-1,50,0.000298,110,8.93
RS_S26_INC-1,50,0.000298,0,9.09
RS_S26_INC-1,50,0.000298,2,7.76
RS_S26_INC-1,50,0.000298,4,7.71
RS_S26_INC-1,50,0.000298,6,7.68
RS_S26_INC-1,50,0.000298,8,7.74
RS_S26_INC-1,50,0.000298,10,7.73
RS_S26_INC-1,50,0.000298,12,7.81
RS_S26_INC-1,50,0.000298,14,7.69
RS_S26_INC-1,50,0.000298,16,7.69
RS_S26_INC-1,50,0.000298,18,7.68
RS_S26_INC-1,50,0.000298,20,7.68
RS_S26_INC-1,50,0.000298,22,7.71
RS_S26_INC-1,50,0.000298,24,7.71
RS_S26_INC-1,50,0.000298,26,7.72
RS_S26_INC-1,50,0.000298,28,7.6
RS_S26_INC-1,50,0.000298,30,7.72
RS_S26_INC-1,50,0.000298,32,7.67
RS_S26_INC-1,50,0.000298,34,7.62
RS_S26_INC-1,50,0.000298,36,7.62
RS_S26_INC-1,50,0.000298,38,7.75
RS_S26_INC-1,50,0.000298,40,7.77
RS_S26_INC-1,50,0.000298,42,7.61
RS_S26_INC-1,50,0.000298,44,7.67
RS_S26_INC-1,50,0.000298,46,7.68
RS_S26_INC-1,50,0.000298,48,7.58
RS_S26_INC-1,50,0.000298,50,7.6
RS_S26_INC-1,50,0.000298,52,7.65
RS_S26_INC-1,50,0.000298,54,7.67
RS_S26_INC-1,50,0.000298,56,7.59
RS_S26_INC-1,50,0.000298,58,7.56
RS_S26_INC-1,50,0.000298,60,7.57
RS_S26_INC-1,50,0.000298,62,7.62
RS_S26_INC-1,50,0.000298,64,7.64
RS_S26_INC-1,50,0.000298,66,7.54
RS_S26_INC-1,50,0.000298,68,7.58
RS_S26_INC-1,50,0.000298,70,7.64
RS_S26_INC-1,50,0.000298,72,7.59
RS_S26_INC-1,50,0.000298,74,7.64
RS_S26_INC-1,50,0.000298,76,7.56
RS_S26_INC-1,50,0.000298,78,7.64
RS_S26_INC-1,50,0.000298,80,7.6
RS_S26_INC-1,50,0.000298,82,7.62
RS_S26_INC-1,50,0.000298,84,7.56
RS_S26_INC-1,50,0.000298,86,7.68
RS_S26_INC-1,50,0.000298,88,7.61
RS_S26_INC-1,50,0.000298,90,7.59
RS_S26_INC-1,50,0.000298,92,7.56
RS_S26_INC-1,50,0.000298,94,7.68
RS_S26_INC-1,50,0.000298,96,7.62
RS_S26_INC-1,50,0.000298,98,7.58
RS_S26_INC-1,50,0.000298,100,7.61
RS_S26_INC-1,50,0.000298,102,7.61
RS_S26_INC-1,50,0.000298,104,7.64
RS_S26_INC-1,50,0.000298,106,7.55
RS_S26_INC-1,50,0.000298,108,7.62
RS_S26_INC-1,50,0.000298,110,7.6
RS_S27_INC-1,50,0.000298,0,9.09
RS_S27_INC-1,50,0.000298,2,7.58
RS_S27_INC-1,50,0.000298,4,7.52
RS_S27_INC-1,50,0.000298,6,7.51
RS_S27_INC-1,50,0.000298,8,7.39
RS_S27_INC-1,50,0.000298,10,7.39
RS_S27_INC-1,50,0.000298,12,7.4
RS_S27_INC-1,50,0.000298,14,7.55
RS_S27_INC-1,50,0.000298,16,7.51
RS_S27_INC-1,50,0.000298,18,7.46
RS_S27_INC-1,50,0.000298,20,7.33
RS_S27_INC-1,50,0.000298,22,7.47
RS_S27_INC-1,50,0.000298,24,7.4
RS_S27_INC-1,50,0.000298,26,7.47
RS_S27_INC-1,50,0.000298,28,7.54
RS_S27_INC-1,50,0.000298,30,7.49
RS_S27_INC-1,50,0.000298,32,7.48
RS_S27_INC-1,50,0.000298,34,7.33
RS_S27_INC-1,50,0.000298,36,7.45
RS_S27_INC-1,50,0.000298,38,7.43
RS_S27_INC-1,50,0.000298,40,7.56
RS_S27_INC-1,50,0.000298,42,7.59
RS_S27_INC-1,50,0.000298,44,7.38
RS_S27_INC-1,50,0.000298,46,7.47
RS_S27_INC-1,50,0.000298,48,7.46
RS_S27_INC-1,50,0.000298,50,7.51
RS_S27_INC-1,50,0.000298,52,7.55
RS_S27_INC-1,50,0.000298,54,7.53
RS_S27_INC-1,50,0.000298,56,7.49
RS_S27_INC-1,50,0.000298,58,7.45
RS_S27_INC-1,50,0.000298,60,7.49
RS_S27_INC-1,50,0.000298,62,7.51
RS_S27_INC-1,50,0.000298,64,7.45
RS_S27_INC-1,50,0.000298,66,7.36
RS_S27_INC-1,50,0.000298,68,7.41
RS_S27_INC-1,50,0.000298,70,7.42
RS_S27_INC-1,50,0.000298,72,7.55
RS_S27_INC-1,50,0.000298,74,7.49
RS_S27_INC-1,50,0.000298,76,7.5
RS_S27_INC-1,50,0.000298,78,7.56
RS_S27_INC-1,50,0.000298,80,7.52
RS_S27_INC-1,50,0.000298,82,7.45
RS_S27_INC-1,50,0.000298,84,7.61
RS_S27_INC-1,50,0.000298,86,7.45
RS_S27_INC-1,50,0.000298,88,7.52
RS_S27_INC-1,50,0.000298,90,7.42
RS_S27_INC-1,50,0.000298,92,7.47
RS_S27_INC-1,50,0.000298,94,7.43
RS_S27_INC-1,50,0.000298,96,7.45
RS_S27_INC-1,50,0.000298,98,7.5
RS_S27_INC-1,50,0.000298,100,7.62
RS_S27_INC-1,50,0.000298,102,7.6
RS_S27_INC-1,50,0.000298,104,7.49
RS_S27_INC-1,50,0.000298,106,7.52
RS_S27_INC-1,50,0.000298,108,7.56
RS_S27_INC-1,50,0.000298,110,7.69
RS_S28_INC-1,50,0.000298,0,9.09
RS_S28_INC-1,50,0.000298,2,7.68
RS_S28_INC-1,50,0.000298,4,7.85
RS_S28_INC-1,50,0.000298,6,7.77
RS_S28_INC-1,50,0.000298,8,7.69
RS_S28_INC-1,50,0.000298,10,7.74
RS_S28_INC-1,50,0.000298,12,7.79
RS_S28_INC-1,50,0.000298,14,7.73
RS_S28_INC-1,50,0.000298,16,7.68
RS_S28_INC-1,50,0.000298,18,7.75
RS_S28_INC-1,50,0.000298,20,7.73
RS_S28_INC-1,50,0.000298,22,7.73
RS_S28_INC-1,50,0.000298,24,7.72
RS_S28_INC-1,50,0.000298,26,7.73
RS_S28_INC-1,50,0.000298,28,7.65
RS_S28_INC-1,50,0.000298,30,7.77
RS_S28_INC-1,50,0.000298,32,7.75
RS_S28_INC-1,50,0.000298,34,7.74
RS_S28_INC-1,50,0.000298,36,7.72
RS_S28_INC-1,50,0.000298,38,7.79
RS_S28_INC-1,50,0.000298,40,7.73
RS_S28_INC-1,50,0.000298,42,7.74
RS_S28_INC-1,50,0.000298,44,7.75
RS_S28_INC-1,50,0.000298,46,7.77
RS_S28_INC-1,50,0.000298,48,7.79
RS_S28_INC-1,50,0.000298,50,7.69
RS_S28_INC-1,50,0.000298,52,7.83
RS_S28_INC-1,50,0.000298,54,7.76
RS_S28_INC-1,50,0.000298,56,7.77
RS_S28_INC-1,50,0.000298,58,7.83
RS_S28_INC-1,50,0.000298,60,7.78
RS_S28_INC-1,50,0.000298,62,7.76
RS_S28_INC-1,50,0.000298,64,7.81
RS_S28_INC-1,50,0.000298,66,7.8
RS_S28_INC-1,50,0.000298,68,7.71
RS_S28_INC-1,50,0.000298,70,7.8
RS_S28_INC-1,50,0.000298,72,7.79
RS_S28_INC-1,50,0.000298,74,7.76
RS_S28_INC-1,50,0.000298,76,7.75
RS_S28_INC-1,50,0.000298,78,7.84
RS_S28_INC-1,50,0.000298,80,7.71
RS_S28_INC-1,50,0.000298,82,7.72
RS_S28_INC-1,50,0.000298,84,7.8
RS_S28_INC-1,50,0.000298,86,7.77
RS_S28_INC-1,50,0.000298,88,7.79
RS_S28_INC-1,50,0.000298,90,7.78
RS_S28_INC-1,50,0.000298,92,7.76
RS_S28_INC-1,50,0.000298,94,7.8
RS_S28_INC-1,50,0.000298,96,7.78
RS_S28_INC-1,50,0.000298,98,7.78
RS_S28_INC-1,50,0.000298,100,7.78
RS_S28_INC-1,50,0.000298,102,7.78
RS_S28_INC-1,50,0.000298,104,7.84
RS_S28_INC-1,50,0.000298,106,7.78
RS_S28_INC-1,50,0.000298,108,7.76
RS_S28_INC-1,50,0.000298,110,7.98
RS_S29_INC-1,50,0.000298,0,9.09
RS_S29_INC-1,50,0.000298,2,8.91
RS_S29_INC-1,50,0.000298,4,8.76
RS_S29_INC-1,50,0.000298,6,8.79
RS_S29_INC-1,50,0.000298,8,8.73
RS_S29_INC-1,50,0.000298,10,8.71
RS_S29_INC-1,50,0.000298,12,8.81
RS_S29_INC-1,50,0.000298,14,8.87
RS_S29_INC-1,50,0.000298,16,8.96
RS_S29_INC-1,50,0.000298,18,8.92
RS_S29_INC-1,50,0.000298,20,8.93
RS_S29_INC-1,50,0.000298,22,8.83
RS_S29_INC-1,50,0.000298,24,8.81
RS_S29_INC-1,50,0.000298,26,8.93
RS_S29_INC-1,50,0.000298,28,8.84
RS_S29_INC-1,50,0.000298,30,8.9
RS_S29_INC-1,50,0.000298,32,8.79
RS_S29_INC-1,50,0.000298,34,8.94
RS_S29_INC-1,50,0.000298,36,8.72
RS_S29_INC-1,50,0.000298,38,8.74
RS_S29_INC-1,50,0.000298,40,8.96
RS_S29_INC-1,50,0.000298,42,8.82
RS_S29_INC-1,50,0.000298,44,8.83
RS_S29_INC-1,50,0.000298,46,8.97
RS_S29_INC-1,50,0.000298,48,8.88
RS_S29_INC-1,50,0.000298,50,8.87
RS_S29_INC-1,50,0.000298,52,8.8
RS_S29_INC-1,50,0.000298,54,8.78
RS_S29_INC-1,50,0.000298,56,8.76
RS_S29_INC-1,50,0.000298,58,8.91
RS_S29_INC-1,50,0.000298,60,8.9
RS_S29_INC-1,50,0.000298,62,8.87
RS_S29_INC-1,50,0.000298,64,8.87
RS_S29_INC-1,50,0.000298,66,8.96
RS_S29_INC-1,50,0.000298,68,8.9
RS_S29_INC-1,50,0.000298,70,8.75
RS_S29_INC-1,50,0.000298,72,8.74
RS_S29_INC-1,50,0.000298,74,8.85
RS_S29_INC-1,50,0.000298,76,8.79
RS_S29_INC-1,50,0.000298,78,8.86
RS_S29_INC-1,50,0.000298,80,8.96
RS_S29_INC-1,50,0.000298,82,8.99
RS_S29_INC-1,50,0.000298,84,8.82
RS_S29_INC-1,50,0.000298,86,8.86
RS_S29_INC-1,50,0.000298,88,8.76
RS_S29_INC-1,50,0.000298,90,8.86
RS_S29_INC-1,50,0.000298,92,8.83
RS_S29_INC-1,50,0.000298,94,8.88
RS_S29_INC-1,50,0.000298,96,8.99
RS_S29_INC-1,50,0.000298,98,8.93
RS_S29_INC-1,50,0.000298,100,8.88
RS_S29_INC-1,50,0.000298,102,8.84
RS_S29_INC-1,50,0.000298,104,8.77
RS_S29_INC-1,50,0.000298,106,8.78
RS_S29_INC-1,50,0.000298,108,8.92
RS_S29_INC-1,50,0.000298,110,8.89
